date,center,keyword,surface,our_rank,our_title,rank1,rank2,rank3,checked_depth
2026-09-18,Reboot,철산크로스핏,place,3,리부트 팀트레이닝,위무브트레이닝 하이록스,크로스핏어셈블,리부트 팀트레이닝,5
2026-09-18,Reboot,철산하이록스,place,3,리부트 팀트레이닝,위무브트레이닝 하이록스,크로스핏어셈블,리부트 팀트레이닝,3
2026-09-18,Reboot,광명헬스장,place,,,휘트니스피플 우먼 광명점,클리어짐 철산역점,휘트니스피플 우먼 철산점,5
2026-09-18,TeamPoise,광교크로스핏,place,,,크로스핏 블루 광교 3호점,좋은습관 PT STUDIO 광교,애틀릭스 트레이닝 광교,5
2026-09-18,TeamPoise,상현헬스장,place,,,헬스보이짐PT 상현점,광교PT 제이엠피트니스 상현역점,VIP GYM 용인상현점,5
2026-09-18,Reboot,철산크로스핏,place,3,리부트 팀트레이닝,위무브트레이닝 하이록스,크로스핏어셈블,리부트 팀트레이닝,5
2026-09-18,Reboot,철산크로스핏,blog,57,리부트 Equipment,Woori CrossFit,돌쇠도서(200평만화),인스타 7만 팔로워 유튜버 김남신이 직접 레슨 합니다,57
2026-09-18,Reboot,철산하이록스,place,3,리부트 팀트레이닝,위무브트레이닝 하이록스,크로스핏어셈블,리부트 팀트레이닝,3
2026-09-18,Reboot,철산하이록스,blog,27,[공지] Reboot Team Training,철산유일 웨이트&펑셔널 PT,꾸향의 소비 영수증,WEMOVE TRAINING,27
2026-09-18,Reboot,광명헬스장,place,,,휘트니스피플 우먼 광명점,클리어짐 철산역점,인스타짐 광명역점,5
2026-09-18,Reboot,광명헬스장,blog,,,모히또 가서 몰디브 한잔,모히또 가서 몰디브 한잔,모히또 가서 몰디브 한잔,300
2026-09-18,Reboot,철산PT,place,,,클리어짐 철산역점,헬스보이짐 철산점,위무브트레이닝 하이록스,5
2026-09-18,Reboot,철산PT,blog,,,철산유일 웨이트&펑셔널 PT,헤롱이의 정보 나눔,소소한 37% 문쑴 log,300
2026-09-18,TeamPoise,광교크로스핏,place,,,크로스핏 블루 광교 3호점,좋은습관 PT STUDIO 광교,애틀릭스 트레이닝 광교,5
2026-09-18,TeamPoise,광교크로스핏,blog,,,지곰 일기,콩주머니의 블로그,ブ,300
2026-09-18,TeamPoise,상현헬스장,place,,,헬스보이짐PT 상현점,광교PT 제이엠피트니스 상현역점,VIP GYM 용인상현점,5
2026-09-18,TeamPoise,상현헬스장,blog,,,아로마홈크리닝 https://aromacng.modoo.at/,아로마홈크리닝 https://aromacng.modoo.at/,아로마홈크리닝 https://aromacng.modoo.at/,300
2026-09-18,TeamPoise,광교PT,place,,,헬스보이짐PT 상현점,광교PT 킹스짐 호수공원점,킹스짐PT 광교아브뉴프랑점,5
2026-09-18,TeamPoise,광교PT,blog,,,초코초코 해피라이프,초코초코 해피라이프,전국신규분양정보,300
2026-09-18,TeamPoise,광교그룹운동,place,,,F45 광교,좋은습관 PT STUDIO 광교,더블에스필라테스 광교점,5
2026-09-18,TeamPoise,광교그룹운동,blog,,,투자하는 지식인 :: 투자하는 지식인,리치캣의 현재 그리고 미래,아로마홈크리닝 https://aromacng.modoo.at/,300
2026-09-19,Reboot,철산크로스핏,place,3,리부트 팀트레이닝,위무브트레이닝 하이록스,크로스핏어셈블,리부트 팀트레이닝,5
2026-09-19,Reboot,철산크로스핏,blog,57,리부트 Equipment,Woori CrossFit,돌쇠도서(200평만화),^_______^,57
2026-09-19,Reboot,철산하이록스,place,3,리부트 팀트레이닝,위무브트레이닝 하이록스,크로스핏어셈블,리부트 팀트레이닝,3
2026-09-19,Reboot,철산하이록스,blog,29,리부트 Equipment,철산유일 웨이트&펑셔널 PT,Hyeni.zip,WEMOVE TRAINING,29
2026-09-19,Reboot,광명헬스장,place,,,클리어짐 철산역점,휘트니스피플 우먼 광명점,짐박스피트니스 철산점,5
2026-09-19,Reboot,광명헬스장,blog,,,리치캣의 현재 그리고 미래,모히또 가서 몰디브 한잔,리치캣의 현재 그리고 미래,300
2026-09-19,Reboot,철산PT,place,,,클리어짐 철산역점,헬스보이짐 철산점,위무브트레이닝 하이록스,5
2026-09-19,Reboot,철산PT,blog,,,소소한 37% 문쑴 log,클리어짐 철산역점,이엘 필라테스(소하점) 이엘 PT(철산점),300
2026-09-19,TeamPoise,광교크로스핏,place,,,크로스핏 블루 광교 3호점,좋은습관 PT STUDIO 광교,애틀릭스 트레이닝 광교,5
2026-09-19,TeamPoise,광교크로스핏,blog,,,"순간을 그리다, 그리니☘️",지곰 일기,콩주머니의 블로그,300
2026-09-19,TeamPoise,상현헬스장,place,,,헬스보이짐PT 상현점,VIP GYM 용인상현점,광교PT 제이엠피트니스 상현역점,5
2026-09-19,TeamPoise,상현헬스장,blog,,,아로마홈크리닝 https://aromacng.modoo.at/,아로마홈크리닝 https://aromacng.modoo.at/,아로마홈크리닝 https://aromacng.modoo.at/,300
2026-09-19,TeamPoise,광교PT,place,,,킹스짐PT 광교아브뉴프랑점,헬스보이짐PT 상현점,마이짐 아주대점,5
2026-09-19,TeamPoise,광교PT,blog,,,초코초코 해피라이프,초코초코 해피라이프,전국신규분양정보,300
2026-09-19,TeamPoise,광교그룹운동,place,,,F45 광교,좋은습관 PT STUDIO 광교,미라클피트니스 헬스 PT 그룹PT,5
2026-09-19,TeamPoise,광교그룹운동,blog,,,리치캣의 현재 그리고 미래,아로마홈크리닝 https://aromacng.modoo.at/,아로마홈크리닝 https://aromacng.modoo.at/,300
2026-09-20,Reboot,철산크로스핏,place,3,리부트 팀트레이닝,위무브트레이닝 하이록스,크로스핏어셈블,리부트 팀트레이닝,5
2026-09-20,Reboot,철산크로스핏,blog,56,리부트 Equipment,Woori CrossFit,돌쇠도서(200평만화),^_______^,56
2026-09-20,Reboot,철산하이록스,place,3,리부트 팀트레이닝,위무브트레이닝 하이록스,크로스핏어셈블,리부트 팀트레이닝,3
2026-09-20,Reboot,철산하이록스,blog,29,[공지] Reboot Team Training,철산유일 웨이트&펑셔널 PT,Hyeni.zip,WEMOVE TRAINING,29
2026-09-20,Reboot,광명헬스장,place,,,휘트니스피플 우먼 광명점,클리어짐 철산역점,짐박스피트니스 철산점,5
2026-09-20,Reboot,광명헬스장,blog,,,DAILYINFO365,아이러브비즈니스,아이러브비즈니스,300
2026-09-20,Reboot,철산PT,place,,,클리어짐 철산역점,헬스보이짐 철산점,위무브트레이닝 하이록스,5
2026-09-20,Reboot,철산PT,blog,,,짬머니 레시피,철산유일 웨이트&펑셔널 PT,헬스보이짐 철산점,300
2026-09-20,TeamPoise,광교크로스핏,place,,,크로스핏 블루 광교 3호점,좋은습관 PT STUDIO 광교,애틀릭스 트레이닝 광교,5
2026-09-20,TeamPoise,광교크로스핏,blog,127,"[광교그룹피티/팀포이즈상현] 그룹PT, 1:1 PT보다 과연 효율적일까?","순간을 그리다, 그리니☘️",지곰 일기,콩주머니의 블로그,127
2026-09-20,TeamPoise,상현헬스장,place,,,헬스보이짐PT 상현점,VIP GYM 용인상현점,피트니스M 상현점 헬스&PT,5
2026-09-20,TeamPoise,상현헬스장,blog,,,아로마홈크리닝 https://aromacng.modoo.at/,아로마홈크리닝 https://aromacng.modoo.at/,아로마홈크리닝 https://aromacng.modoo.at/,300
2026-09-20,TeamPoise,광교PT,place,,,킹스짐PT 광교아브뉴프랑점,헬스보이짐PT 상현점,광교PT 킹스짐 호수공원점,5
2026-09-20,TeamPoise,광교PT,blog,,,💢˚숙박여행~ 부킹닷컴,💢˚숙박여행~ 부킹닷컴,초코초코 해피라이프,300
2026-09-20,TeamPoise,광교그룹운동,place,,,F45 광교,좋은습관 PT STUDIO 광교,더블에스필라테스 광교점,5
2026-09-20,TeamPoise,광교그룹운동,blog,,,국민생활의힘,아이러브비즈니스,아로마홈크리닝 https://aromacng.modoo.at/,300
2026-09-21,Reboot,철산크로스핏,place,3,리부트 팀트레이닝,위무브트레이닝 하이록스,크로스핏어셈블,리부트 팀트레이닝,5
2026-09-21,Reboot,철산크로스핏,blog,57,리부트 Equipment,Woori CrossFit,돌쇠도서(200평만화),^_______^,57
2026-09-21,Reboot,철산하이록스,place,3,리부트 팀트레이닝,위무브트레이닝 하이록스,크로스핏어셈블,리부트 팀트레이닝,3
2026-09-21,Reboot,철산하이록스,blog,30,[공지] Reboot Team Training,호픽 블로그,철산유일 웨이트&펑셔널 PT,호픽 블로그,30
2026-09-21,Reboot,광명헬스장,place,,,휘트니스피플 우먼 광명점,클리어짐 철산역점,짐박스피트니스 철산점,5
2026-09-21,Reboot,광명헬스장,blog,,,DAILYINFO365,https://fdn7500.tistory.com/,아이러브비즈니스,300
2026-09-21,Reboot,철산PT,place,,,클리어짐 철산역점,헬스보이짐 철산점,위무브트레이닝 하이록스,5
2026-09-21,Reboot,철산PT,blog,,,짬머니 레시피,철산유일 웨이트&펑셔널 PT,황코치,300
2026-09-21,TeamPoise,광교크로스핏,place,,,크로스핏 블루 광교 3호점,좋은습관 PT STUDIO 광교,애틀릭스 트레이닝 광교,5
2026-09-21,TeamPoise,광교크로스핏,blog,116,"[상현그룹운동 | 팀포이즈광교상현] 시작이 반이라던데, 운동 첫시....",ブ,감쟈의 일상,즐거운 Amy's Life,116
2026-09-21,TeamPoise,상현헬스장,place,,,헬스보이짐PT 상현점,VIP GYM 용인상현점,피트니스M 상현점 헬스&PT,5
2026-09-21,TeamPoise,상현헬스장,blog,,,아로마홈크리닝 https://aromacng.modoo.at/,아로마홈크리닝 https://aromacng.modoo.at/,아로마홈크리닝 https://aromacng.modoo.at/,300
2026-09-21,TeamPoise,광교PT,place,,,킹스짐PT 광교아브뉴프랑점,헬스보이짐PT 상현점,광교PT 킹스짐 호수공원점,5
2026-09-21,TeamPoise,광교PT,blog,,,Britz,💢˚숙박여행~ 부킹닷컴,초코초코 해피라이프,300
2026-09-21,TeamPoise,광교그룹운동,place,,,F45 광교,좋은습관 PT STUDIO 광교,미라클피트니스 헬스 PT 그룹PT,5
2026-09-21,TeamPoise,광교그룹운동,blog,,,한국사회복지데이터센터,아로마홈크리닝 https://aromacng.modoo.at/,아로마홈크리닝 https://aromacng.modoo.at/,300
2026-09-22,Reboot,철산크로스핏,place,3,리부트 팀트레이닝,위무브트레이닝 하이록스,크로스핏어셈블,리부트 팀트레이닝,5
2026-09-22,Reboot,철산크로스핏,blog,57,리부트 Equipment,Woori CrossFit,돌쇠도서(200평만화),^_______^,57
2026-09-22,Reboot,철산하이록스,place,3,리부트 팀트레이닝,위무브트레이닝 하이록스,크로스핏어셈블,리부트 팀트레이닝,3
2026-09-22,Reboot,철산하이록스,blog,31,리부트 Equipment,호픽 블로그,철산유일 웨이트&펑셔널 PT,호픽 블로그,31
2026-09-22,Reboot,광명헬스장,place,,,클리어짐 철산역점,휘트니스피플 우먼 광명점,나우메이드 헬스&PT 철산점,5
2026-09-22,Reboot,광명헬스장,blog,,,아로마홈크리닝 https://aromacng.modoo.at/,리치캣의 현재 그리고 미래,진한서랍 — 진한서랍,300
2026-09-22,Reboot,철산PT,place,,,클리어짐 철산역점,위무브트레이닝 하이록스,헬스보이짐 철산점,5
2026-09-22,Reboot,철산PT,blog,,,소소한 37% 문쑴 log,철산유일 웨이트&펑셔널 PT,헤롱이의 정보 나눔,300
2026-09-22,TeamPoise,광교크로스핏,place,,,크로스핏 블루 광교 3호점,좋은습관 PT STUDIO 광교,애틀릭스 트레이닝 광교,5
2026-09-22,TeamPoise,광교크로스핏,blog,112,"[상현그룹운동 | 팀포이즈광교상현] 시작이 반이라던데, 운동 첫시....",즐거운 Amy's Life,ブ,솔직한 리뷰 로그,112
2026-09-22,TeamPoise,상현헬스장,place,,,헬스보이짐PT 상현점,VIP GYM 용인상현점,피트니스M 상현점 헬스&PT,5
2026-09-22,TeamPoise,상현헬스장,blog,,,아로마홈크리닝 https://aromacng.modoo.at/,아로마홈크리닝 https://aromacng.modoo.at/,아로마홈크리닝 https://aromacng.modoo.at/,300
2026-09-22,TeamPoise,광교PT,place,,,킹스짐PT 광교아브뉴프랑점,광교PT 킹스짐 호수공원점,헬스보이짐PT 상현점,5
2026-09-22,TeamPoise,광교PT,blog,,,Britz,💢˚숙박여행~ 부킹닷컴,초코초코 해피라이프,300
2026-09-22,TeamPoise,광교그룹운동,place,,,F45 광교,좋은습관 PT STUDIO 광교,미라클피트니스 헬스 PT 그룹PT,5
2026-09-22,TeamPoise,광교그룹운동,blog,,,한국사회복지데이터센터,존버 주린이,아로마홈크리닝 https://aromacng.modoo.at/,300
2026-09-23,Reboot,철산헬스장,place,,,클리어짐 철산역점,나우메이드 헬스&PT 철산점,짐박스피트니스 철산점,5
2026-09-23,Reboot,철산헬스장,blog,,,아로마홈크리닝 https://aromacng.modoo.at/,아로마홈크리닝 https://aromacng.modoo.at/,아로마홈크리닝 https://aromacng.modoo.at/,300
2026-09-23,Reboot,광명헬스장,place,,,클리어짐 철산역점,휘트니스피플 우먼 광명점,나우메이드 헬스&PT 철산점,5
2026-09-23,Reboot,광명헬스장,blog,,,아이러브비즈니스,아로마홈크리닝 https://aromacng.modoo.at/,리치캣의 현재 그리고 미래,300
2026-09-23,Reboot,철산역헬스장,place,,,클리어짐 철산역점,나우메이드 헬스&PT 철산점,짐박스피트니스 철산점,5
2026-09-23,Reboot,철산역헬스장,blog,,,리치캣의 현재 그리고 미래,인생리뷰,인생리뷰,300
2026-09-23,Reboot,철산PT,place,,,클리어짐 철산역점,위무브트레이닝 하이록스,헬스보이짐 철산점,5
2026-09-23,Reboot,철산PT,blog,,,소소한 37% 문쑴 log,철산유일 웨이트&펑셔널 PT,철산PT는 바디마인PT,300
2026-09-23,Reboot,철산헬스,place,,,클리어짐 철산역점,나우메이드 헬스&PT 철산점,짐박스피트니스 철산점,5
2026-09-23,Reboot,철산헬스,blog,,,아로마홈크리닝 https://aromacng.modoo.at/,아로마홈크리닝 https://aromacng.modoo.at/,아로마홈크리닝 https://aromacng.modoo.at/,300
2026-09-23,Reboot,광명크로스핏,place,3,리부트 팀트레이닝,위무브트레이닝 하이록스,크로스핏어셈블,리부트 팀트레이닝,5
2026-09-23,Reboot,광명크로스핏,blog,,,우리의 정보통,러니윤의 비비드라이프,그냥사는거지,300
2026-09-23,Reboot,철산동헬스장,place,,,클리어짐 철산역점,나우메이드 헬스&PT 철산점,짐박스피트니스 철산점,5
2026-09-23,Reboot,철산동헬스장,blog,,,아로마홈크리닝 https://aromacng.modoo.at/,헬스보이짐 철산점,아로마홈크리닝 https://aromacng.modoo.at/,300
2026-09-23,Reboot,광명PT,place,,,클리어짐 철산역점,위무브트레이닝 하이록스,바디채널&바레톤 광명사거리역점,5
2026-09-23,Reboot,광명PT,blog,,,재테크 집,재테크 집,이그잼,300
2026-09-23,Reboot,철산크로스핏,place,3,리부트 팀트레이닝,위무브트레이닝 하이록스,크로스핏어셈블,리부트 팀트레이닝,5
2026-09-23,Reboot,철산크로스핏,blog,57,리부트 Equipment,Woori CrossFit,돌쇠도서(200평만화),^_______^,57
2026-09-23,Reboot,철산역PT,place,,,클리어짐 철산역점,위무브트레이닝 하이록스,헬스보이짐 철산점,5
2026-09-23,Reboot,철산역PT,blog,,,DAILYINFO365,진한서랍 — 진한서랍,모히또 가서 몰디브 한잔,300
2026-09-23,Reboot,철산역 헬스,place,,,클리어짐 철산역점,나우메이드 헬스&PT 철산점,짐박스피트니스 철산점,5
2026-09-23,Reboot,철산역 헬스,blog,,,킬크로그,아우렐리우스의 명상록,부의 사다리,300
2026-09-23,Reboot,철산하이록스,place,3,리부트 팀트레이닝,위무브트레이닝 하이록스,크로스핏어셈블,리부트 팀트레이닝,3
2026-09-23,Reboot,철산하이록스,blog,31,리부트 Equipment,철산유일 웨이트&펑셔널 PT,Hyeni.zip,WEMOVE TRAINING,31
2026-09-23,Reboot,광명하이록스,place,1,리부트 팀트레이닝,리부트 팀트레이닝,위무브트레이닝 하이록스,엠버 크로스핏,4
2026-09-23,Reboot,광명하이록스,blog,81,러닝 못해도 하이록스 준비할 수 있을까?,WEMOVE TRAINING,GYMTONIC,엥꼬의 블로그,81
2026-09-23,Reboot,철산그룹PT,place,3,리부트 팀트레이닝,위무브트레이닝 하이록스,헬스보이짐 철산점,리부트 팀트레이닝,3
2026-09-23,Reboot,철산그룹PT,blog,,,리본부트캠프광명철산,도리도리도리도리감자도리,육아대디의 따뜻한 육아블로그,300
2026-09-23,Reboot,철산역 크로스핏,place,3,리부트 팀트레이닝,위무브트레이닝 하이록스,크로스핏어셈블,리부트 팀트레이닝,5
2026-09-23,Reboot,철산역 크로스핏,blog,,,모히또 가서 몰디브 한잔,마이터,크로스핏 어셈블,300
2026-09-23,Reboot,철산역 운동,place,,,클리어짐 철산역점,나우메이드 헬스&PT 철산점,짐박스피트니스 철산점,5
2026-09-23,Reboot,철산역 운동,blog,,,은빛유니콘과 kukuri :: 은빛유니콘과 kukuri,은빛유니콘과 kukuri :: 은빛유니콘과 kukuri,은빛유니콘과 kukuri :: 은빛유니콘과 kukuri,300
2026-09-23,Reboot,철산역 하이록스,place,3,리부트 팀트레이닝,위무브트레이닝 하이록스,크로스핏어셈블,리부트 팀트레이닝,4
2026-09-23,Reboot,철산역 하이록스,blog,27,러닝 못해도 하이록스 준비할 수 있을까?,철산유일 웨이트&펑셔널 PT,MosTen 인사이트,from29to,27
2026-09-23,Reboot,철산역 그룹피티,place,2,리부트 팀트레이닝,위무브트레이닝 하이록스,리부트 팀트레이닝,헬스보이짐 철산점,4
2026-09-23,Reboot,철산역 그룹피티,blog,,,onepickgym 철산 1:1PT,아이러브비즈니스,아이러브비즈니스,300
2026-09-23,Reboot,철산팀트레이닝,place,,,,,,0
2026-09-23,Reboot,철산팀트레이닝,blog,,,,,,0
2026-09-23,Reboot,광명그룹PT,place,2,리부트 팀트레이닝,위무브트레이닝 하이록스,리부트 팀트레이닝,핏클러스터 헬스&그룹PT&월요가,4
2026-09-23,Reboot,광명그룹PT,blog,,,경제와 유아독존,국가대표 트레이너에게 받는 1:1 맞춤 운동,경제와 유아독존,300
2026-09-23,Reboot,광명그룹운동,place,2,리부트 팀트레이닝,온필라테스 라운지 철산점,리부트 팀트레이닝,위무브트레이닝 하이록스,5
2026-09-23,Reboot,광명그룹운동,blog,,,아이러브비즈니스,World News by 서구원 교수,리치캣의 현재 그리고 미래,300
2026-09-23,TeamPoise,광교헬스장,place,,,더블에스휘트니스 광교점,헬스보이짐앤필라걸 광교점,킹스짐PT 광교아브뉴프랑점,5
2026-09-23,TeamPoise,광교헬스장,blog,,,모히또 가서 몰디브 한잔,리치캣의 현재 그리고 미래,모히또 가서 몰디브 한잔,300
2026-09-23,TeamPoise,광교PT,place,,,킹스짐PT 광교아브뉴프랑점,광교PT 킹스짐 호수공원점,헬스보이짐PT 상현점,5
2026-09-23,TeamPoise,광교PT,blog,,,위필엑스,사무실인테리어,사무실인테리어,300
2026-09-23,TeamPoise,상현역헬스장,place,,,헬스보이짐PT 상현점,케어짐PT&기구필라테스 상현점,광교PT 제이엠피트니스 상현역점,5
2026-09-23,TeamPoise,상현역헬스장,blog,,,INFOTIP,인생리뷰,인생리뷰,300
2026-09-23,TeamPoise,상현동헬스장,place,,,헬스보이짐PT 상현점,노아휘트니스&스파사우나,VIP GYM 용인상현점,5
2026-09-23,TeamPoise,상현동헬스장,blog,,,아로마홈크리닝 https://aromacng.modoo.at/,아로마홈크리닝 https://aromacng.modoo.at/,아로마홈크리닝 https://aromacng.modoo.at/,300
2026-09-23,TeamPoise,수지헬스장,place,,,헤일로짐 헬스&PT&스파&GDR 골프 수지점,빌리프짐 헬스&PT 죽전점,바이칼휘트니스 수지점,5
2026-09-23,TeamPoise,수지헬스장,blog,,,아이러브비즈니스,한눈경제 정찬삼 블로그 :: 한눈경제 정찬삼 블로그,한눈경제 정찬삼 블로그 :: 한눈경제 정찬삼 블로그,300
2026-09-23,TeamPoise,광교크로스핏,place,,,크로스핏 블루 광교 3호점,좋은습관 PT STUDIO 광교,애틀릭스 트레이닝 광교,5
2026-09-23,TeamPoise,광교크로스핏,blog,,,ブ,솔직한 리뷰 로그,감쟈의 일상,300
2026-09-23,TeamPoise,광교중앙역헬스장,place,,,헬스보이짐앤필라걸 광교점,킹스짐PT 광교아브뉴프랑점,도미디피트니스 헬스 PT 광교점,5
2026-09-23,TeamPoise,광교중앙역헬스장,blog,,,인생리뷰,리치캣의 현재 그리고 미래,리치캣의 현재 그리고 미래,300
2026-09-23,TeamPoise,상현역PT,place,,,헬스보이짐PT 상현점,광교PT 제이엠피트니스 상현역점,광교PT필라테스 여성전용 업텐션핏 광교상현본점,5
2026-09-23,TeamPoise,상현역PT,blog,,,재테크 집,2025 전화번호 주소 리스트 :: 2025 전화번호 주소 리스트,재테크 집,300
2026-09-23,TeamPoise,수지PT,place,,,헬스보이짐PT 상현점,헬스보이짐PT&필라걸&골프인 수지점,헤일로짐 헬스&PT&스파&GDR 골프 수지점,5
2026-09-23,TeamPoise,수지PT,blog,,,양회장 블로그 :: 양회장 블로그,2025 전화번호 주소 리스트 :: 2025 전화번호 주소 리스트,뱀선생게임,300
2026-09-23,TeamPoise,수지크로스핏,place,,,버너스,문라잇크로스핏 성복점,문라잇 크로스핏,5
2026-09-23,TeamPoise,수지크로스핏,blog,,,문라잇 크로스핏 수지구청점,위필엑스,머니파이프 :: 머니파이프,300
2026-09-23,TeamPoise,광교하이록스,place,5,팀포이즈 그룹PT,F45 광교,크로스핏 블루 광교 3호점,애틀릭스 트레이닝 광교,5
2026-09-23,TeamPoise,광교하이록스,blog,16,"[상현그룹운동 | 팀포이즈광교상현] 시작이 반이라던데, 운동 첫시....","DKpa, 하루가 하루가 소중한 사십대의 러닝 생활",I ___ you.,"DKpa, 하루가 하루가 소중한 사십대의 러닝 생활",16
2026-09-23,TeamPoise,상현헬스장,place,,,헬스보이짐PT 상현점,VIP GYM 용인상현점,케어짐PT&기구필라테스 상현점,5
2026-09-23,TeamPoise,상현헬스장,blog,,,아로마홈크리닝 https://aromacng.modoo.at/,아로마홈크리닝 https://aromacng.modoo.at/,아로마홈크리닝 https://aromacng.modoo.at/,300
2026-09-23,TeamPoise,광교그룹운동,place,,,F45 광교,좋은습관 PT STUDIO 광교,필라테스 더그레이스 광교점,5
2026-09-23,TeamPoise,광교그룹운동,blog,,,존버 주린이,아로마홈크리닝 https://aromacng.modoo.at/,리치캣의 현재 그리고 미래,300
2026-09-23,TeamPoise,상현그룹 PT,place,1,팀포이즈 그룹PT,팀포이즈 그룹PT,올데이요가x플라잉 상현본점,,2
2026-09-23,TeamPoise,상현그룹 PT,blog,25,[광교그룹운동/팀포이즈상현점] 겨울에도 체지방은 빠지고 근육량....,수지킥복싱,곰돌이와 토깽이가 축복이와 함께 걷는 길,진산필라테스,25
2026-09-23,TeamPoise,상현그룹 트레이닝,place,1,팀포이즈 그룹PT,팀포이즈 그룹PT,,,1
2026-09-23,TeamPoise,상현그룹 트레이닝,blog,1,"[상현그룹운동 | 팀포이즈광교상현] 시작이 반이라던데, 운동 첫시....",광교그룹운동 팀포이즈,,,1
2026-09-23,TeamPoise,상현 하이록스,place,1,팀포이즈 그룹PT,팀포이즈 그룹PT,,,1
2026-09-23,TeamPoise,상현 하이록스,blog,5,[상현그룹운동/팀포이즈상현점] 많이 변한 2025년의 운동 트랜드. 그 ....,초코초코 해피라이프,문라잇 크로스핏 성복점,@damybien,5
2026-09-23,TeamPoise,상현 운동,place,,,헬스보이짐PT 상현점,상현골프클럽,상현스크린골프존,5
2026-09-23,TeamPoise,상현 운동,blog,,,아리고 쓰린-아린韓 쓰린魂,건빵이랑 놀자,☺내 그리운 나라 (낭만방랑자)♬~,300
2026-09-23,Reboot,철산헬스장,place,,,클리어짐 철산역점,나우메이드 헬스&PT 철산점,짐박스피트니스 철산점,5
2026-09-23,Reboot,철산헬스장,blog,,,아로마홈크리닝 https://aromacng.modoo.at/,아로마홈크리닝 https://aromacng.modoo.at/,아로마홈크리닝 https://aromacng.modoo.at/,300
2026-09-23,Reboot,광명헬스장,place,,,클리어짐 철산역점,휘트니스피플 우먼 광명점,나우메이드 헬스&PT 철산점,5
2026-09-23,Reboot,광명헬스장,blog,,,리치캣의 현재 그리고 미래,리치캣의 현재 그리고 미래,아로마홈크리닝 https://aromacng.modoo.at/,300
2026-09-23,Reboot,철산역헬스장,place,,,클리어짐 철산역점,나우메이드 헬스&PT 철산점,짐박스피트니스 철산점,5
2026-09-23,Reboot,철산역헬스장,blog,,,인생리뷰,리치캣의 현재 그리고 미래,리치캣의 현재 그리고 미래,300
2026-09-23,Reboot,철산PT,place,,,클리어짐 철산역점,위무브트레이닝 하이록스,헬스보이짐 철산점,5
2026-09-23,Reboot,철산PT,blog,,,헬스보이짐 철산점,철산유일 웨이트&펑셔널 PT,짬머니 레시피,300
2026-09-23,Reboot,철산헬스,place,,,클리어짐 철산역점,나우메이드 헬스&PT 철산점,짐박스피트니스 철산점,5
2026-09-23,Reboot,철산헬스,blog,,,아로마홈크리닝 https://aromacng.modoo.at/,아로마홈크리닝 https://aromacng.modoo.at/,아로마홈크리닝 https://aromacng.modoo.at/,300
2026-09-23,Reboot,광명크로스핏,place,3,리부트 팀트레이닝,위무브트레이닝 하이록스,크로스핏어셈블,리부트 팀트레이닝,5
2026-09-23,Reboot,광명크로스핏,blog,,,우리의 정보통,러니윤의 비비드라이프,그냥사는거지,300
2026-09-23,Reboot,철산동헬스장,place,,,클리어짐 철산역점,나우메이드 헬스&PT 철산점,짐박스피트니스 철산점,5
2026-09-23,Reboot,철산동헬스장,blog,,,헬스보이짐 철산점,아로마홈크리닝 https://aromacng.modoo.at/,아로마홈크리닝 https://aromacng.modoo.at/,300
2026-09-23,Reboot,광명PT,place,,,클리어짐 철산역점,바디채널&바레톤 광명사거리역점,위무브트레이닝 하이록스,5
2026-09-23,Reboot,광명PT,blog,,,이그잼,진한서랍 — 진한서랍,재테크 집,300
2026-09-23,Reboot,철산크로스핏,place,3,리부트 팀트레이닝,위무브트레이닝 하이록스,크로스핏어셈블,리부트 팀트레이닝,5
2026-09-23,Reboot,철산크로스핏,blog,57,리부트 Equipment,Woori CrossFit,돌쇠도서(200평만화),^_______^,57
2026-09-23,Reboot,철산역PT,place,,,클리어짐 철산역점,위무브트레이닝 하이록스,헬스보이짐 철산점,5
2026-09-23,Reboot,철산역PT,blog,,,DAILYINFO365,진한서랍 — 진한서랍,모히또 가서 몰디브 한잔,300
2026-09-23,Reboot,철산역 헬스,place,,,클리어짐 철산역점,나우메이드 헬스&PT 철산점,짐박스피트니스 철산점,5
2026-09-23,Reboot,철산역 헬스,blog,,,킬크로그,아우렐리우스의 명상록,부의 사다리,300
2026-09-23,Reboot,철산하이록스,place,3,리부트 팀트레이닝,위무브트레이닝 하이록스,크로스핏어셈블,리부트 팀트레이닝,3
2026-09-23,Reboot,철산하이록스,blog,31,[공지] Reboot Team Training,철산유일 웨이트&펑셔널 PT,Hyeni.zip,WEMOVE TRAINING,31
2026-09-23,Reboot,광명하이록스,place,1,리부트 팀트레이닝,리부트 팀트레이닝,위무브트레이닝 하이록스,엠버 크로스핏,4
2026-09-23,Reboot,광명하이록스,blog,81,러닝 못해도 하이록스 준비할 수 있을까?,WEMOVE TRAINING,GYMTONIC,엥꼬의 블로그,81
2026-09-23,Reboot,철산그룹PT,place,3,리부트 팀트레이닝,위무브트레이닝 하이록스,헬스보이짐 철산점,리부트 팀트레이닝,3
2026-09-23,Reboot,철산그룹PT,blog,,,리본부트캠프광명철산,도리도리도리도리감자도리,육아대디의 따뜻한 육아블로그,300
2026-09-23,Reboot,철산역 크로스핏,place,3,리부트 팀트레이닝,위무브트레이닝 하이록스,크로스핏어셈블,리부트 팀트레이닝,5
2026-09-23,Reboot,철산역 크로스핏,blog,,,모히또 가서 몰디브 한잔,마이터,크로스핏 어셈블,300
2026-09-23,Reboot,철산역 운동,place,,,클리어짐 철산역점,나우메이드 헬스&PT 철산점,짐박스피트니스 철산점,5
2026-09-23,Reboot,철산역 운동,blog,,,은빛유니콘과 kukuri :: 은빛유니콘과 kukuri,은빛유니콘과 kukuri :: 은빛유니콘과 kukuri,아이러브비즈니스,300
2026-09-23,Reboot,철산역 하이록스,place,3,리부트 팀트레이닝,위무브트레이닝 하이록스,크로스핏어셈블,리부트 팀트레이닝,4
2026-09-23,Reboot,철산역 하이록스,blog,27,러닝 못해도 하이록스 준비할 수 있을까?,철산유일 웨이트&펑셔널 PT,MosTen 인사이트,from29to,27
2026-09-23,Reboot,철산역 그룹피티,place,2,리부트 팀트레이닝,위무브트레이닝 하이록스,리부트 팀트레이닝,헬스보이짐 철산점,4
2026-09-23,Reboot,철산역 그룹피티,blog,,,onepickgym 철산 1:1PT,아이러브비즈니스,아이러브비즈니스,300
2026-09-23,Reboot,철산팀트레이닝,place,,,,,,0
2026-09-23,Reboot,철산팀트레이닝,blog,,,,,,0
2026-09-23,Reboot,광명그룹PT,place,2,리부트 팀트레이닝,위무브트레이닝 하이록스,리부트 팀트레이닝,핏클러스터 헬스&그룹PT&월요가,4
2026-09-23,Reboot,광명그룹PT,blog,,,경제와 유아독존,국가대표 트레이너에게 받는 1:1 맞춤 운동,경제와 유아독존,300
2026-09-23,Reboot,광명그룹운동,place,2,리부트 팀트레이닝,온필라테스 라운지 철산점,리부트 팀트레이닝,위무브트레이닝 하이록스,5
2026-09-23,Reboot,광명그룹운동,blog,,,리치캣의 현재 그리고 미래,World News by 서구원 교수,리치캣의 현재 그리고 미래,300
2026-09-23,TeamPoise,광교헬스장,place,,,더블에스휘트니스 광교점,헬스보이짐앤필라걸 광교점,킹스짐PT 광교아브뉴프랑점,5
2026-09-23,TeamPoise,광교헬스장,blog,,,리치캣의 현재 그리고 미래,리치캣의 현재 그리고 미래,리치캣의 현재 그리고 미래,300
2026-09-23,TeamPoise,광교PT,place,,,킹스짐PT 광교아브뉴프랑점,광교PT 킹스짐 호수공원점,헬스보이짐PT 상현점,5
2026-09-23,TeamPoise,광교PT,blog,,,Britz,💢˚숙박여행~ 부킹닷컴,💢˚숙박여행~ 부킹닷컴,300
2026-09-23,TeamPoise,상현역헬스장,place,,,헬스보이짐PT 상현점,광교PT 제이엠피트니스 상현역점,광교PT필라테스 여성전용 업텐션핏 광교상현본점,5
2026-09-23,TeamPoise,상현역헬스장,blog,,,그냥사는거지,아이러브비즈니스,아이러브비즈니스,300
2026-09-23,TeamPoise,상현동헬스장,place,,,헬스보이짐PT 상현점,노아휘트니스&스파사우나,광교PT 제이엠피트니스 상현역점,5
2026-09-23,TeamPoise,상현동헬스장,blog,,,아로마홈크리닝 https://aromacng.modoo.at/,아로마홈크리닝 https://aromacng.modoo.at/,아로마홈크리닝 https://aromacng.modoo.at/,300
2026-09-23,TeamPoise,수지헬스장,place,,,빌리프짐 헬스&PT 죽전점,헤일로짐 헬스&PT&스파&GDR 골프 수지점,바이칼휘트니스 수지점,5
2026-09-23,TeamPoise,수지헬스장,blog,,,한눈경제 정찬삼 블로그 :: 한눈경제 정찬삼 블로그,한눈경제 정찬삼 블로그 :: 한눈경제 정찬삼 블로그,J 경제인사이트,300
2026-09-23,TeamPoise,광교크로스핏,place,,,크로스핏 블루 광교 3호점,좋은습관 PT STUDIO 광교,애틀릭스 트레이닝 광교,5
2026-09-23,TeamPoise,광교크로스핏,blog,,,솔직한 리뷰 로그,ブ,감쟈의 일상,300
2026-09-23,TeamPoise,광교중앙역헬스장,place,,,헬스보이짐앤필라걸 광교점,킹스짐PT 광교아브뉴프랑점,도미디피트니스 헬스 PT 광교점,5
2026-09-23,TeamPoise,광교중앙역헬스장,blog,,,인생리뷰,리치캣의 현재 그리고 미래,리치캣의 현재 그리고 미래,300
2026-09-23,TeamPoise,상현역PT,place,,,헬스보이짐PT 상현점,광교PT 제이엠피트니스 상현역점,광교PT필라테스 여성전용 업텐션핏 광교상현본점,5
2026-09-23,TeamPoise,상현역PT,blog,,,재테크 집,2025 전화번호 주소 리스트 :: 2025 전화번호 주소 리스트,재테크 집,300
2026-09-23,TeamPoise,수지PT,place,,,헬스보이짐PT 상현점,헬스보이짐PT&필라걸&골프인 수지점,광교PT 제이엠피트니스 상현역점,5
2026-09-23,TeamPoise,수지PT,blog,,,https://fillthebox.tistory.com/,2025 전화번호 주소 리스트 :: 2025 전화번호 주소 리스트,뱀선생게임,300
2026-09-23,TeamPoise,수지크로스핏,place,,,버너스,문라잇 크로스핏,포스짐,5
2026-09-23,TeamPoise,수지크로스핏,blog,,,문라잇 크로스핏 수지구청점,위필엑스,머니파이프 :: 머니파이프,300
2026-09-23,TeamPoise,광교하이록스,place,5,팀포이즈 그룹PT,F45 광교,애틀릭스 트레이닝 광교,크로스핏 블루 광교 3호점,5
2026-09-23,TeamPoise,광교하이록스,blog,17,"[상현그룹운동 | 팀포이즈광교상현] 시작이 반이라던데, 운동 첫시....",I ___ you.,"DKpa, 하루가 하루가 소중한 사십대의 러닝 생활","DKpa, 하루가 하루가 소중한 사십대의 러닝 생활",17
2026-09-23,TeamPoise,상현헬스장,place,,,헬스보이짐PT 상현점,광교PT 제이엠피트니스 상현역점,광교PT필라테스 여성전용 업텐션핏 광교상현본점,5
2026-09-23,TeamPoise,상현헬스장,blog,,,아로마홈크리닝 https://aromacng.modoo.at/,아로마홈크리닝 https://aromacng.modoo.at/,아로마홈크리닝 https://aromacng.modoo.at/,300
2026-09-23,TeamPoise,광교그룹운동,place,,,F45 광교,좋은습관 PT STUDIO 광교,더블에스필라테스 광교점,5
2026-09-23,TeamPoise,광교그룹운동,blog,,,아리동동 :: 아리동동,존버 주린이,아로마홈크리닝 https://aromacng.modoo.at/,300
2026-09-23,TeamPoise,상현그룹 PT,place,1,팀포이즈 그룹PT,팀포이즈 그룹PT,올데이요가x플라잉 상현본점,,2
2026-09-23,TeamPoise,상현그룹 PT,blog,26,[광교그룹운동/팀포이즈상현점] 겨울에도 체지방은 빠지고 근육량....,수지킥복싱,곰돌이와 토깽이가 축복이와 함께 걷는 길,진산필라테스,26
2026-09-23,TeamPoise,상현그룹 트레이닝,place,1,팀포이즈 그룹PT,팀포이즈 그룹PT,,,1
2026-09-23,TeamPoise,상현그룹 트레이닝,blog,1,"[상현그룹운동 | 팀포이즈광교상현] 시작이 반이라던데, 운동 첫시....",광교그룹운동 팀포이즈,,,1
2026-09-23,TeamPoise,상현 하이록스,place,1,팀포이즈 그룹PT,팀포이즈 그룹PT,,,1
2026-09-23,TeamPoise,상현 하이록스,blog,5,[상현그룹운동/팀포이즈상현점] 많이 변한 2025년의 운동 트랜드. 그 ....,초코초코 해피라이프,문라잇 크로스핏 성복점,@damybien,5
2026-09-23,TeamPoise,상현 운동,place,,,헬스보이짐PT 상현점,상현골프클럽,광교PT 제이엠피트니스 상현역점,5
2026-09-23,TeamPoise,상현 운동,blog,,,https://blog.aladin.co.kr/,https://blog.aladin.co.kr/,JYArchitects :: JYArchitects,300
2026-09-24,Reboot,철산헬스장,place,,,클리어짐 철산역점,나우메이드 헬스&PT 철산점,짐박스피트니스 철산점,5
2026-09-24,Reboot,철산헬스장,blog,,,아로마홈크리닝 https://aromacng.modoo.at/,아로마홈크리닝 https://aromacng.modoo.at/,아로마홈크리닝 https://aromacng.modoo.at/,300
2026-09-24,Reboot,광명헬스장,place,,,클리어짐 철산역점,휘트니스피플 우먼 광명점,나우메이드 헬스&PT 철산점,5
2026-09-24,Reboot,광명헬스장,blog,,,리치캣의 현재 그리고 미래,진한서랍 — 진한서랍,성장하고 여행하는,300
2026-09-24,Reboot,철산역헬스장,place,,,클리어짐 철산역점,나우메이드 헬스&PT 철산점,짐박스피트니스 철산점,5
2026-09-24,Reboot,철산역헬스장,blog,,,인생리뷰,리치캣의 현재 그리고 미래,인생리뷰,300
2026-09-24,Reboot,철산PT,place,,,클리어짐 철산역점,위무브트레이닝 하이록스,헬스보이짐 철산점,5
2026-09-24,Reboot,철산PT,blog,,,철산유일 웨이트&펑셔널 PT,철산유일 웨이트&펑셔널 PT,철산유일 웨이트&펑셔널 PT,300
2026-09-24,Reboot,철산헬스,place,,,클리어짐 철산역점,나우메이드 헬스&PT 철산점,짐박스피트니스 철산점,5
2026-09-24,Reboot,철산헬스,blog,,,아로마홈크리닝 https://aromacng.modoo.at/,아로마홈크리닝 https://aromacng.modoo.at/,아로마홈크리닝 https://aromacng.modoo.at/,300
2026-09-24,Reboot,광명크로스핏,place,3,리부트 팀트레이닝,위무브트레이닝 하이록스,크로스핏어셈블,리부트 팀트레이닝,5
2026-09-24,Reboot,광명크로스핏,blog,,,러니윤의 비비드라이프,그냥사는거지,생활정보공유,300
2026-09-24,Reboot,철산동헬스장,place,,,클리어짐 철산역점,나우메이드 헬스&PT 철산점,짐박스피트니스 철산점,5
2026-09-24,Reboot,철산동헬스장,blog,,,아로마홈크리닝 https://aromacng.modoo.at/,아로마홈크리닝 https://aromacng.modoo.at/,아로마홈크리닝 https://aromacng.modoo.at/,300
2026-09-24,Reboot,광명PT,place,,,클리어짐 철산역점,위무브트레이닝 하이록스,바디채널&바레톤 광명사거리역점,5
2026-09-24,Reboot,광명PT,blog,,,지구별 안내서,웅이 이야기 :: 웅이 이야기,미녀들의 수다 :: 미녀들의 수다,300
2026-09-24,Reboot,철산크로스핏,place,3,리부트 팀트레이닝,위무브트레이닝 하이록스,크로스핏어셈블,리부트 팀트레이닝,5
2026-09-24,Reboot,철산크로스핏,blog,57,리부트 Equipment,Woori CrossFit,돌쇠도서(200평만화),^_______^,57
2026-09-24,Reboot,철산역PT,place,,,클리어짐 철산역점,위무브트레이닝 하이록스,헬스보이짐 철산점,5
2026-09-24,Reboot,철산역PT,blog,,,DAILYINFO365,진한서랍 — 진한서랍,모히또 가서 몰디브 한잔,300
2026-09-24,Reboot,철산역 헬스,place,,,클리어짐 철산역점,나우메이드 헬스&PT 철산점,짐박스피트니스 철산점,5
2026-09-24,Reboot,철산역 헬스,blog,,,부의 사다리,Do It Yourself,킬크로그,300
2026-09-24,Reboot,철산하이록스,place,3,리부트 팀트레이닝,위무브트레이닝 하이록스,크로스핏어셈블,리부트 팀트레이닝,3
2026-09-24,Reboot,철산하이록스,blog,32,[공지] Reboot Team Training,철산유일 웨이트&펑셔널 PT,Hyeni.zip,WEMOVE TRAINING,32
2026-09-24,Reboot,광명하이록스,place,1,리부트 팀트레이닝,리부트 팀트레이닝,위무브트레이닝 하이록스,엠버 크로스핏,4
2026-09-24,Reboot,광명하이록스,blog,82,러닝 못해도 하이록스 준비할 수 있을까?,KOREA_CLASS,KOREA_CLASS,호픽 블로그,82
2026-09-24,Reboot,철산그룹PT,place,3,리부트 팀트레이닝,위무브트레이닝 하이록스,헬스보이짐 철산점,리부트 팀트레이닝,3
2026-09-24,Reboot,철산그룹PT,blog,,,밈하세상,day by day,지금 하고싶은걸 하자!,300
2026-09-24,Reboot,철산역 크로스핏,place,3,리부트 팀트레이닝,위무브트레이닝 하이록스,크로스핏어셈블,리부트 팀트레이닝,5
2026-09-24,Reboot,철산역 크로스핏,blog,,,모히또 가서 몰디브 한잔,마이터,졔졔의 독기품은 크로스핏,300
2026-09-24,Reboot,철산역 운동,place,,,클리어짐 철산역점,나우메이드 헬스&PT 철산점,짐박스피트니스 철산점,5
2026-09-24,Reboot,철산역 운동,blog,,,은빛유니콘과 kukuri :: 은빛유니콘과 kukuri,은빛유니콘과 kukuri :: 은빛유니콘과 kukuri,아이러브비즈니스,300
2026-09-24,Reboot,철산역 하이록스,place,3,리부트 팀트레이닝,위무브트레이닝 하이록스,크로스핏어셈블,리부트 팀트레이닝,4
2026-09-24,Reboot,철산역 하이록스,blog,27,"하이록스 신발, 러닝화랑 트레이닝화 중 뭘 신을까?",철산유일 웨이트&펑셔널 PT,MosTen 인사이트,from29to,27
2026-09-24,Reboot,철산역 그룹피티,place,2,리부트 팀트레이닝,위무브트레이닝 하이록스,리부트 팀트레이닝,헬스보이짐 철산점,4
2026-09-24,Reboot,철산역 그룹피티,blog,,,onepickgym 철산 1:1PT,아이러브비즈니스,아이러브비즈니스,300
2026-09-24,Reboot,철산팀트레이닝,place,,,,,,0
2026-09-24,Reboot,철산팀트레이닝,blog,,,,,,0
2026-09-24,Reboot,광명그룹PT,place,2,리부트 팀트레이닝,위무브트레이닝 하이록스,리부트 팀트레이닝,핏클러스터 헬스&그룹PT&월요가,4
2026-09-24,Reboot,광명그룹PT,blog,,,경제와 유아독존,국가대표 트레이너에게 받는 1:1 맞춤 운동,경제와 유아독존,300
2026-09-24,Reboot,광명그룹운동,place,2,리부트 팀트레이닝,온필라테스 라운지 철산점,리부트 팀트레이닝,위무브트레이닝 하이록스,5
2026-09-24,Reboot,광명그룹운동,blog,,,World News by 서구원 교수,리치캣의 현재 그리고 미래,리치캣의 현재 그리고 미래,300
2026-09-24,TeamPoise,광교헬스장,place,,,더블에스휘트니스 광교점,헬스보이짐앤필라걸 광교점,킹스짐PT 광교아브뉴프랑점,5
2026-09-24,TeamPoise,광교헬스장,blog,,,지식봇,지식봇,아로마홈크리닝 https://aromacng.modoo.at/,300
2026-09-24,TeamPoise,광교PT,place,,,킹스짐PT 광교아브뉴프랑점,광교PT 킹스짐 호수공원점,헬스보이짐PT 상현점,5
2026-09-24,TeamPoise,광교PT,blog,,,위필엑스,사무실인테리어,사무실인테리어,300
2026-09-24,TeamPoise,상현역헬스장,place,,,헬스보이짐PT 상현점,광교PT필라테스 여성전용 업텐션핏 광교상현본점,광교PT 제이엠피트니스 상현역점,5
2026-09-24,TeamPoise,상현역헬스장,blog,,,INFOTIP,리치캣의 현재 그리고 미래,아이러브비즈니스,300
2026-09-24,TeamPoise,상현동헬스장,place,,,헬스보이짐PT 상현점,노아휘트니스&스파사우나,광교PT필라테스 여성전용 업텐션핏 광교상현본점,5
2026-09-24,TeamPoise,상현동헬스장,blog,,,리치캣의 현재 그리고 미래,리치캣의 현재 그리고 미래,리치캣의 현재 그리고 미래,300
2026-09-24,TeamPoise,수지헬스장,place,,,헤일로짐 헬스&PT&스파&GDR 골프 수지점,빌리프짐 헬스&PT 죽전점,바이칼휘트니스 수지점,5
2026-09-24,TeamPoise,수지헬스장,blog,,,J 경제인사이트,효마을365요양원,J 경제인사이트,300
2026-09-24,TeamPoise,광교크로스핏,place,,,크로스핏 블루 광교 3호점,좋은습관 PT STUDIO 광교,애틀릭스 트레이닝 광교,5
2026-09-24,TeamPoise,광교크로스핏,blog,127,[하이록스/크로스핏/팀포이즈상현] 처음인 분들을 위한 최고의 프로....,즐거운 Amy's Life,콩주머니의 블로그,지곰 일기,127
2026-09-24,TeamPoise,광교중앙역헬스장,place,,,헬스보이짐앤필라걸 광교점,킹스짐PT 광교아브뉴프랑점,도미디피트니스 헬스 PT 광교점,5
2026-09-24,TeamPoise,광교중앙역헬스장,blog,,,리치캣의 현재 그리고 미래,리치캣의 현재 그리고 미래,인생리뷰,300
2026-09-24,TeamPoise,상현역PT,place,,,헬스보이짐PT 상현점,광교PT필라테스 여성전용 업텐션핏 광교상현본점,광교PT 제이엠피트니스 상현역점,5
2026-09-24,TeamPoise,상현역PT,blog,,,재테크 집,2025 전화번호 주소 리스트 :: 2025 전화번호 주소 리스트,재테크 집,300
2026-09-24,TeamPoise,수지PT,place,,,헬스보이짐PT 상현점,비전휘트니스 수지점,헬스보이짐PT&필라걸&골프인 수지점,5
2026-09-24,TeamPoise,수지PT,blog,,,월평 촌놈 머구리의 세상 사는 이야기,2025 전화번호 주소 리스트 :: 2025 전화번호 주소 리스트,뱀선생게임,300
2026-09-24,TeamPoise,수지크로스핏,place,,,버너스,포스짐,문라잇크로스핏 성복점,5
2026-09-24,TeamPoise,수지크로스핏,blog,,,FW 개발자,문라잇 크로스핏 수지구청점,위필엑스,300
2026-09-24,TeamPoise,광교하이록스,place,5,팀포이즈 그룹PT,F45 광교,애틀릭스 트레이닝 광교,크로스핏 블루 광교 3호점,5
2026-09-24,TeamPoise,광교하이록스,blog,222,[발전의 비밀/팀포이즈광교상현] 무료 오픈짐 + 코치 케어까지? 팀포....,김 꾸 루,어라운드트레이닝 광교,"DKpa, 하루가 하루가 소중한 사십대의 러닝 생활",222
2026-09-24,TeamPoise,상현헬스장,place,,,헬스보이짐PT 상현점,광교PT필라테스 여성전용 업텐션핏 광교상현본점,VIP GYM 용인상현점,5
2026-09-24,TeamPoise,상현헬스장,blog,,,J 경제인사이트,아로마홈크리닝 https://aromacng.modoo.at/,리치캣의 현재 그리고 미래,300
2026-09-24,TeamPoise,광교그룹운동,place,,,F45 광교,좋은습관 PT STUDIO 광교,더블에스필라테스 광교점,5
2026-09-24,TeamPoise,광교그룹운동,blog,,,아로마홈크리닝 https://aromacng.modoo.at/,리치캣의 현재 그리고 미래,리치캣의 현재 그리고 미래,300
2026-09-24,TeamPoise,상현그룹 PT,place,1,팀포이즈 그룹PT,팀포이즈 그룹PT,올데이요가x플라잉 상현본점,,2
2026-09-24,TeamPoise,상현그룹 PT,blog,,,수지킥복싱,진산필라테스,박언니의 이야기,300
2026-09-24,TeamPoise,상현그룹 트레이닝,place,1,팀포이즈 그룹PT,팀포이즈 그룹PT,,,1
2026-09-24,TeamPoise,상현그룹 트레이닝,blog,1,"[상현그룹운동 | 팀포이즈광교상현] 시작이 반이라던데, 운동 첫시....",광교그룹운동 팀포이즈,,,1
2026-09-24,TeamPoise,상현 하이록스,place,1,팀포이즈 그룹PT,팀포이즈 그룹PT,,,1
2026-09-24,TeamPoise,상현 하이록스,blog,5,[상현그룹운동/팀포이즈상현점] 많이 변한 2025년의 운동 트랜드. 그 ....,초코초코 해피라이프,문라잇 크로스핏 성복점,@damybien,5
2026-09-24,TeamPoise,상현 운동,place,,,헬스보이짐PT 상현점,상현골프클럽,광교PT필라테스 여성전용 업텐션핏 광교상현본점,5
2026-09-24,TeamPoise,상현 운동,blog,,,nodam1,Magazine.M,재테크 집,300
2026-09-25,Reboot,철산헬스장,place,,,클리어짐 철산역점,나우메이드 헬스&PT 철산점,짐박스피트니스 철산점,5
2026-09-25,Reboot,철산헬스장,blog,,,아로마홈크리닝 https://aromacng.modoo.at/,아로마홈크리닝 https://aromacng.modoo.at/,아로마홈크리닝 https://aromacng.modoo.at/,300
2026-09-25,Reboot,광명헬스장,place,,,클리어짐 철산역점,휘트니스피플 우먼 광명점,나우메이드 헬스&PT 철산점,5
2026-09-25,Reboot,광명헬스장,blog,,,리치캣의 현재 그리고 미래,진한서랍 — 진한서랍,성장하고 여행하는,300
2026-09-25,Reboot,철산역헬스장,place,,,클리어짐 철산역점,나우메이드 헬스&PT 철산점,짐박스피트니스 철산점,5
2026-09-25,Reboot,철산역헬스장,blog,,,인생리뷰,인생리뷰,리치캣의 현재 그리고 미래,300
2026-09-25,Reboot,철산PT,place,,,클리어짐 철산역점,위무브트레이닝 하이록스,헬스보이짐 철산점,5
2026-09-25,Reboot,철산PT,blog,,,황코치,철산유일 웨이트&펑셔널 PT,철산유일 웨이트&펑셔널 PT,300
2026-09-25,Reboot,철산헬스,place,,,클리어짐 철산역점,나우메이드 헬스&PT 철산점,짐박스피트니스 철산점,5
2026-09-25,Reboot,철산헬스,blog,,,아로마홈크리닝 https://aromacng.modoo.at/,아로마홈크리닝 https://aromacng.modoo.at/,아로마홈크리닝 https://aromacng.modoo.at/,300
2026-09-25,Reboot,광명크로스핏,place,3,리부트 팀트레이닝,위무브트레이닝 하이록스,크로스핏어셈블,리부트 팀트레이닝,5
2026-09-25,Reboot,광명크로스핏,blog,,,우리의 정보통,하고 싶은 거 다 해!,러니윤의 비비드라이프,300
2026-09-25,Reboot,철산동헬스장,place,,,클리어짐 철산역점,나우메이드 헬스&PT 철산점,짐박스피트니스 철산점,5
2026-09-25,Reboot,철산동헬스장,blog,,,아로마홈크리닝 https://aromacng.modoo.at/,아로마홈크리닝 https://aromacng.modoo.at/,아로마홈크리닝 https://aromacng.modoo.at/,300
2026-09-25,Reboot,광명PT,place,,,클리어짐 철산역점,위무브트레이닝 하이록스,클리어짐 광명역점,5
2026-09-25,Reboot,광명PT,blog,,,웅이 이야기 :: 웅이 이야기,https://blog.aladin.co.kr/,미녀들의 수다 :: 미녀들의 수다,300
2026-09-25,Reboot,철산크로스핏,place,3,리부트 팀트레이닝,위무브트레이닝 하이록스,크로스핏어셈블,리부트 팀트레이닝,5
2026-09-25,Reboot,철산크로스핏,blog,57,리부트 Equipment,Woori CrossFit,돌쇠도서(200평만화),^_______^,57
2026-09-25,Reboot,철산역PT,place,,,클리어짐 철산역점,위무브트레이닝 하이록스,헬스보이짐 철산점,5
2026-09-25,Reboot,철산역PT,blog,,,진한서랍 — 진한서랍,모히또 가서 몰디브 한잔,그냥사는거지,300
2026-09-25,Reboot,철산역 헬스,place,,,클리어짐 철산역점,나우메이드 헬스&PT 철산점,짐박스피트니스 철산점,5
2026-09-25,Reboot,철산역 헬스,blog,,,킬크로그,아우렐리우스의 명상록,부의 사다리,300
2026-09-25,Reboot,철산하이록스,place,3,리부트 팀트레이닝,위무브트레이닝 하이록스,크로스핏어셈블,리부트 팀트레이닝,3
2026-09-25,Reboot,철산하이록스,blog,32,[공지] Reboot Team Training,철산유일 웨이트&펑셔널 PT,Hyeni.zip,WEMOVE TRAINING,32
2026-09-25,Reboot,광명하이록스,place,1,리부트 팀트레이닝,리부트 팀트레이닝,위무브트레이닝 하이록스,엠버 크로스핏,4
2026-09-25,Reboot,광명하이록스,blog,82,러닝 못해도 하이록스 준비할 수 있을까?,KOREA_CLASS,KOREA_CLASS,호픽 블로그,82
2026-09-25,Reboot,철산그룹PT,place,3,리부트 팀트레이닝,위무브트레이닝 하이록스,헬스보이짐 철산점,리부트 팀트레이닝,3
2026-09-25,Reboot,철산그룹PT,blog,,,밈하세상,day by day,지금 하고싶은걸 하자!,300
2026-09-25,Reboot,철산역 크로스핏,place,3,리부트 팀트레이닝,위무브트레이닝 하이록스,크로스핏어셈블,리부트 팀트레이닝,5
2026-09-25,Reboot,철산역 크로스핏,blog,,,모히또 가서 몰디브 한잔,마이터,졔졔의 독기품은 크로스핏,300
2026-09-25,Reboot,철산역 운동,place,,,클리어짐 철산역점,나우메이드 헬스&PT 철산점,짐박스피트니스 철산점,5
2026-09-25,Reboot,철산역 운동,blog,,,은빛유니콘과 kukuri :: 은빛유니콘과 kukuri,은빛유니콘과 kukuri :: 은빛유니콘과 kukuri,은빛유니콘과 kukuri :: 은빛유니콘과 kukuri,300
2026-09-25,Reboot,철산역 하이록스,place,3,리부트 팀트레이닝,위무브트레이닝 하이록스,크로스핏어셈블,리부트 팀트레이닝,4
2026-09-25,Reboot,철산역 하이록스,blog,23,"하이록스 신발, 러닝화랑 트레이닝화 중 뭘 신을까?",철산유일 웨이트&펑셔널 PT,MosTen 인사이트,from29to,23
2026-09-25,Reboot,철산역 그룹피티,place,2,리부트 팀트레이닝,위무브트레이닝 하이록스,리부트 팀트레이닝,헬스보이짐 철산점,4
2026-09-25,Reboot,철산역 그룹피티,blog,,,onepickgym 철산 1:1PT,아이러브비즈니스,아이러브비즈니스,300
2026-09-25,Reboot,철산팀트레이닝,place,,,,,,0
2026-09-25,Reboot,철산팀트레이닝,blog,,,,,,0
2026-09-25,Reboot,광명그룹PT,place,2,리부트 팀트레이닝,위무브트레이닝 하이록스,리부트 팀트레이닝,핏클러스터 헬스&그룹PT&월요가,4
2026-09-25,Reboot,광명그룹PT,blog,,,초코초코 해피라이프,경제와 유아독존,국가대표 트레이너에게 받는 1:1 맞춤 운동,300
2026-09-25,Reboot,광명그룹운동,place,2,리부트 팀트레이닝,온필라테스 라운지 철산점,리부트 팀트레이닝,위무브트레이닝 하이록스,5
2026-09-25,Reboot,광명그룹운동,blog,,,리치캣의 현재 그리고 미래,리치캣의 현재 그리고 미래,Planet-D review,300
2026-09-25,TeamPoise,광교헬스장,place,,,더블에스휘트니스 광교점,도미디피트니스 헬스 PT 광교점,헬스보이짐앤필라걸 광교점,5
2026-09-25,TeamPoise,광교헬스장,blog,,,아로마홈크리닝 https://aromacng.modoo.at/,지식봇,지식봇,300
2026-09-25,TeamPoise,광교PT,place,,,킹스짐PT 광교아브뉴프랑점,광교PT 킹스짐 호수공원점,석세스짐&PT 광교프라이빗점,5
2026-09-25,TeamPoise,광교PT,blog,,,위필엑스,사무실인테리어,초코초코 해피라이프,300
2026-09-25,TeamPoise,상현역헬스장,place,,,헬스보이짐PT 상현점,광교PT 제이엠피트니스 상현역점,광교PT필라테스 여성전용 업텐션핏 광교상현본점,5
2026-09-25,TeamPoise,상현역헬스장,blog,,,인생리뷰,아이러브비즈니스,리치캣의 현재 그리고 미래,300
2026-09-25,TeamPoise,상현동헬스장,place,,,헬스보이짐PT 상현점,노아휘트니스&스파사우나,VIP GYM 용인상현점,5
2026-09-25,TeamPoise,상현동헬스장,blog,,,리치캣의 현재 그리고 미래,리치캣의 현재 그리고 미래,리치캣의 현재 그리고 미래,300
2026-09-25,TeamPoise,수지헬스장,place,,,빌리프짐 헬스&PT 죽전점,헤일로짐 헬스&PT&스파&GDR 골프 수지점,바이칼휘트니스 수지점,5
2026-09-25,TeamPoise,수지헬스장,blog,,,리치캣의 현재 그리고 미래,아이러브비즈니스,아이러브비즈니스,300
2026-09-25,TeamPoise,광교크로스핏,place,,,크로스핏 블루 광교 3호점,좋은습관 PT STUDIO 광교,애틀릭스 트레이닝 광교,5
2026-09-25,TeamPoise,광교크로스핏,blog,127,[하이록스/크로스핏/팀포이즈상현] 처음인 분들을 위한 최고의 프로....,즐거운 Amy's Life,감쟈의 일상,콩주머니의 블로그,127
2026-09-25,TeamPoise,광교중앙역헬스장,place,,,도미디피트니스 헬스 PT 광교점,헬스보이짐앤필라걸 광교점,킹스짐PT 광교아브뉴프랑점,5
2026-09-25,TeamPoise,광교중앙역헬스장,blog,,,인생리뷰,리치캣의 현재 그리고 미래,리치캣의 현재 그리고 미래,300
2026-09-25,TeamPoise,상현역PT,place,,,헬스보이짐PT 상현점,광교PT 제이엠피트니스 상현역점,광교PT필라테스 여성전용 업텐션핏 광교상현본점,5
2026-09-25,TeamPoise,상현역PT,blog,,,재테크 집,2025 전화번호 주소 리스트 :: 2025 전화번호 주소 리스트,재테크 집,300
2026-09-25,TeamPoise,수지PT,place,,,헬스보이짐PT 상현점,비전휘트니스 수지점,헬스보이짐PT&필라걸&골프인 수지점,5
2026-09-25,TeamPoise,수지PT,blog,,,무적스팸,2025 전화번호 주소 리스트 :: 2025 전화번호 주소 리스트,뱀선생게임,300
2026-09-25,TeamPoise,수지크로스핏,place,,,버너스,문라잇크로스핏 성복점,포스짐,5
2026-09-25,TeamPoise,수지크로스핏,blog,,,FW 개발자,문라잇 크로스핏 수지구청점,머니파이프 :: 머니파이프,300
2026-09-25,TeamPoise,광교하이록스,place,5,팀포이즈 그룹PT,F45 광교,애틀릭스 트레이닝 광교,크로스핏 블루 광교 3호점,5
2026-09-25,TeamPoise,광교하이록스,blog,15,"[상현그룹운동 | 팀포이즈광교상현] 시작이 반이라던데, 운동 첫시....",어라운드트레이닝 광교,석세스짐 광교점III,"DKpa, 하루가 하루가 소중한 사십대의 러닝 생활",15
2026-09-25,TeamPoise,상현헬스장,place,,,헬스보이짐PT 상현점,VIP GYM 용인상현점,광교PT 제이엠피트니스 상현역점,5
2026-09-25,TeamPoise,상현헬스장,blog,,,J 경제인사이트,아로마홈크리닝 https://aromacng.modoo.at/,리치캣의 현재 그리고 미래,300
2026-09-25,TeamPoise,광교그룹운동,place,,,F45 광교,좋은습관 PT STUDIO 광교,더블에스필라테스 광교점,5
2026-09-25,TeamPoise,광교그룹운동,blog,,,아로마홈크리닝 https://aromacng.modoo.at/,리치캣의 현재 그리고 미래,리치캣의 현재 그리고 미래,300
2026-09-25,TeamPoise,상현그룹 PT,place,1,팀포이즈 그룹PT,팀포이즈 그룹PT,올데이요가x플라잉 상현본점,,2
2026-09-25,TeamPoise,상현그룹 PT,blog,,,수지킥복싱,진산필라테스,박언니의 이야기,300
2026-09-25,TeamPoise,상현그룹 트레이닝,place,1,팀포이즈 그룹PT,팀포이즈 그룹PT,,,1
2026-09-25,TeamPoise,상현그룹 트레이닝,blog,1,"[상현그룹운동 | 팀포이즈광교상현] 시작이 반이라던데, 운동 첫시....",광교그룹운동 팀포이즈,,,1
2026-09-25,TeamPoise,상현 하이록스,place,1,팀포이즈 그룹PT,팀포이즈 그룹PT,,,1
2026-09-25,TeamPoise,상현 하이록스,blog,5,[상현그룹운동/팀포이즈상현점] 많이 변한 2025년의 운동 트랜드. 그 ....,초코초코 해피라이프,문라잇 크로스핏 성복점,@damybien,5
2026-09-25,TeamPoise,상현 운동,place,,,헬스보이짐PT 상현점,상현골프클럽,VIP GYM 용인상현점,5
2026-09-25,TeamPoise,상현 운동,blog,,,Magazine.M,재테크 집,재테크 집,300
2026-09-26,Reboot,철산헬스장,place,,,클리어짐 철산역점,짐박스피트니스 철산점,나우메이드 헬스&PT 철산점,5
2026-09-26,Reboot,철산헬스장,blog,,,아로마홈크리닝 https://aromacng.modoo.at/,아로마홈크리닝 https://aromacng.modoo.at/,아로마홈크리닝 https://aromacng.modoo.at/,300
2026-09-26,Reboot,광명헬스장,place,,,클리어짐 철산역점,짐박스피트니스 철산점,나우메이드 헬스&PT 철산점,5
2026-09-26,Reboot,광명헬스장,blog,,,진한서랍 — 진한서랍,성장하고 여행하는,모히또 가서 몰디브 한잔,300
2026-09-26,Reboot,철산역헬스장,place,,,클리어짐 철산역점,짐박스피트니스 철산점,나우메이드 헬스&PT 철산점,5
2026-09-26,Reboot,철산역헬스장,blog,,,인생리뷰,리치캣의 현재 그리고 미래,리치캣의 현재 그리고 미래,300
2026-09-26,Reboot,철산PT,place,,,클리어짐 철산역점,위무브트레이닝 하이록스,헬스보이짐 철산점,5
2026-09-26,Reboot,철산PT,blog,,,황코치,철산유일 웨이트&펑셔널 PT,철산유일 웨이트&펑셔널 PT,300
2026-09-26,Reboot,철산헬스,place,,,클리어짐 철산역점,짐박스피트니스 철산점,나우메이드 헬스&PT 철산점,5
2026-09-26,Reboot,철산헬스,blog,,,아로마홈크리닝 https://aromacng.modoo.at/,아로마홈크리닝 https://aromacng.modoo.at/,아로마홈크리닝 https://aromacng.modoo.at/,300
2026-09-26,Reboot,광명크로스핏,place,3,리부트 팀트레이닝,위무브트레이닝 하이록스,크로스핏어셈블,리부트 팀트레이닝,5
2026-09-26,Reboot,광명크로스핏,blog,,,우리의 정보통,러니윤의 비비드라이프,하고 싶은 거 다 해!,300
2026-09-26,Reboot,철산동헬스장,place,,,클리어짐 철산역점,짐박스피트니스 철산점,나우메이드 헬스&PT 철산점,5
2026-09-26,Reboot,철산동헬스장,blog,,,아로마홈크리닝 https://aromacng.modoo.at/,아로마홈크리닝 https://aromacng.modoo.at/,아로마홈크리닝 https://aromacng.modoo.at/,300
2026-09-26,Reboot,광명PT,place,,,클리어짐 철산역점,클리어짐 광명역점,바디채널&바레톤 광명사거리역점,5
2026-09-26,Reboot,광명PT,blog,,,미녀들의 수다 :: 미녀들의 수다,https://blog.aladin.co.kr/,https://wife5920.tistory.com/,300
2026-09-26,Reboot,철산크로스핏,place,3,리부트 팀트레이닝,위무브트레이닝 하이록스,크로스핏어셈블,리부트 팀트레이닝,5
2026-09-26,Reboot,철산크로스핏,blog,57,리부트 Equipment,Woori CrossFit,돌쇠도서(200평만화),^_______^,57
2026-09-26,Reboot,철산역PT,place,,,클리어짐 철산역점,위무브트레이닝 하이록스,헬스보이짐 철산점,5
2026-09-26,Reboot,철산역PT,blog,,,진한서랍 — 진한서랍,모히또 가서 몰디브 한잔,그냥사는거지,300
2026-09-26,Reboot,철산역 헬스,place,,,클리어짐 철산역점,짐박스피트니스 철산점,나우메이드 헬스&PT 철산점,5
2026-09-26,Reboot,철산역 헬스,blog,,,초코초코 해피라이프,부의 사다리,Do It Yourself,300
2026-09-26,Reboot,철산하이록스,place,3,리부트 팀트레이닝,위무브트레이닝 하이록스,크로스핏어셈블,리부트 팀트레이닝,3
2026-09-26,Reboot,철산하이록스,blog,32,리부트 Equipment,철산유일 웨이트&펑셔널 PT,Hyeni.zip,WEMOVE TRAINING,32
2026-09-26,Reboot,광명하이록스,place,1,리부트 팀트레이닝,리부트 팀트레이닝,위무브트레이닝 하이록스,엠버 크로스핏,4
2026-09-26,Reboot,광명하이록스,blog,82,러닝 못해도 하이록스 준비할 수 있을까?,KOREA_CLASS,GYMTONIC,호픽 블로그,82
2026-09-26,Reboot,철산그룹PT,place,3,리부트 팀트레이닝,위무브트레이닝 하이록스,헬스보이짐 철산점,리부트 팀트레이닝,3
2026-09-26,Reboot,철산그룹PT,blog,,,밈하세상,day by day,지금 하고싶은걸 하자!,300
2026-09-26,Reboot,철산역 크로스핏,place,3,리부트 팀트레이닝,위무브트레이닝 하이록스,크로스핏어셈블,리부트 팀트레이닝,5
2026-09-26,Reboot,철산역 크로스핏,blog,,,모히또 가서 몰디브 한잔,마이터,졔졔의 독기품은 크로스핏,300
2026-09-26,Reboot,철산역 운동,place,,,클리어짐 철산역점,짐박스피트니스 철산점,나우메이드 헬스&PT 철산점,5
2026-09-26,Reboot,철산역 운동,blog,,,은빛유니콘과 kukuri :: 은빛유니콘과 kukuri,은빛유니콘과 kukuri :: 은빛유니콘과 kukuri,은빛유니콘과 kukuri :: 은빛유니콘과 kukuri,300
2026-09-26,Reboot,철산역 하이록스,place,3,리부트 팀트레이닝,위무브트레이닝 하이록스,크로스핏어셈블,리부트 팀트레이닝,4
2026-09-26,Reboot,철산역 하이록스,blog,27,"하이록스 신발, 러닝화랑 트레이닝화 중 뭘 신을까?",철산유일 웨이트&펑셔널 PT,MosTen 인사이트,from29to,27
2026-09-26,Reboot,철산역 그룹피티,place,2,리부트 팀트레이닝,위무브트레이닝 하이록스,리부트 팀트레이닝,헬스보이짐 철산점,4
2026-09-26,Reboot,철산역 그룹피티,blog,,,onepickgym 철산 1:1PT,아이러브비즈니스,아이러브비즈니스,300
2026-09-26,Reboot,철산팀트레이닝,place,,,,,,0
2026-09-26,Reboot,철산팀트레이닝,blog,,,,,,0
2026-09-26,Reboot,광명그룹PT,place,2,리부트 팀트레이닝,위무브트레이닝 하이록스,리부트 팀트레이닝,핏클러스터 헬스&그룹PT&월요가,4
2026-09-26,Reboot,광명그룹PT,blog,,,초코초코 해피라이프,경제와 유아독존,경제와 유아독존,300
2026-09-26,Reboot,광명그룹운동,place,2,리부트 팀트레이닝,온필라테스 라운지 철산점,리부트 팀트레이닝,위무브트레이닝 하이록스,5
2026-09-26,Reboot,광명그룹운동,blog,,,World News by 서구원 교수,리치캣의 현재 그리고 미래,Planet-D review,300
2026-09-26,TeamPoise,광교헬스장,place,,,더블에스휘트니스 광교점,도미디피트니스 헬스 PT 광교점,헬스보이짐앤필라걸 광교점,5
2026-09-26,TeamPoise,광교헬스장,blog,,,아로마홈크리닝 https://aromacng.modoo.at/,지식봇,리치캣의 현재 그리고 미래,300
2026-09-26,TeamPoise,광교PT,place,,,킹스짐PT 광교아브뉴프랑점,마이짐 아주대점,헬스보이짐PT 상현점,5
2026-09-26,TeamPoise,광교PT,blog,,,Britz,💢˚숙박여행~ 부킹닷컴,초코초코 해피라이프,300
2026-09-26,TeamPoise,상현역헬스장,place,,,헬스보이짐PT 상현점,리스탠스 재활PT,광교PT필라테스 여성전용 업텐션핏 광교상현본점,5
2026-09-26,TeamPoise,상현역헬스장,blog,,,INFOTIP,리치캣의 현재 그리고 미래,인생리뷰,300
2026-09-26,TeamPoise,상현동헬스장,place,,,헬스보이짐PT 상현점,노아휘트니스&스파사우나,VIP GYM 용인상현점,5
2026-09-26,TeamPoise,상현동헬스장,blog,,,리치캣의 현재 그리고 미래,리치캣의 현재 그리고 미래,리치캣의 현재 그리고 미래,300
2026-09-26,TeamPoise,수지헬스장,place,,,빌리프짐 헬스&PT 죽전점,헤일로짐 헬스&PT&스파&GDR 골프 수지점,바이칼휘트니스 수지점,5
2026-09-26,TeamPoise,수지헬스장,blog,,,J 경제인사이트,J 경제인사이트,J 경제인사이트,300
2026-09-26,TeamPoise,광교크로스핏,place,,,크로스핏 블루 광교 3호점,좋은습관 PT STUDIO 광교,애틀릭스 트레이닝 광교,5
2026-09-26,TeamPoise,광교크로스핏,blog,131,[하이록스/크로스핏/팀포이즈상현] 처음인 분들을 위한 최고의 프로....,ブ,감쟈의 일상,콩주머니의 블로그,131
2026-09-26,TeamPoise,광교중앙역헬스장,place,,,도미디피트니스 헬스 PT 광교점,헬스보이짐앤필라걸 광교점,킹스짐PT 광교아브뉴프랑점,5
2026-09-26,TeamPoise,광교중앙역헬스장,blog,,,인생리뷰,리치캣의 현재 그리고 미래,리치캣의 현재 그리고 미래,300
2026-09-26,TeamPoise,상현역PT,place,,,헬스보이짐PT 상현점,리스탠스 재활PT,광교PT필라테스 여성전용 업텐션핏 광교상현본점,5
2026-09-26,TeamPoise,상현역PT,blog,,,2025 전화번호 주소 리스트 :: 2025 전화번호 주소 리스트,재테크 집,재테크 집,300
2026-09-26,TeamPoise,수지PT,place,,,헬스보이짐PT 상현점,비전휘트니스 수지점,헬스보이짐PT&필라걸&골프인 수지점,5
2026-09-26,TeamPoise,수지PT,blog,,,이 세상의 모든 플랜트 프로젝트 정보,lin3m4a,뱀선생게임,300
2026-09-26,TeamPoise,수지크로스핏,place,,,버너스,문라잇크로스핏 성복점,포스짐,5
2026-09-26,TeamPoise,수지크로스핏,blog,,,FW 개발자,문라잇 크로스핏 수지구청점,위필엑스,300
2026-09-26,TeamPoise,광교하이록스,place,5,팀포이즈 그룹PT,F45 광교,애틀릭스 트레이닝 광교,크로스핏 블루 광교 3호점,5
2026-09-26,TeamPoise,광교하이록스,blog,207,[광교크로스핏 | 팀포이즈상현점] 팀포이즈가 처음이라구요? 걱정하....,어라운드트레이닝 광교,어라운드트레이닝 광교,어라운드트레이닝 광교,207
2026-09-26,TeamPoise,상현헬스장,place,,,헬스보이짐PT 상현점,VIP GYM 용인상현점,광교PT필라테스 여성전용 업텐션핏 광교상현본점,5
2026-09-26,TeamPoise,상현헬스장,blog,,,모히또 가서 몰디브 한잔,J 경제인사이트,아로마홈크리닝 https://aromacng.modoo.at/,300
2026-09-26,TeamPoise,광교그룹운동,place,,,F45 광교,좋은습관 PT STUDIO 광교,미라클피트니스 헬스 PT 그룹PT,5
2026-09-26,TeamPoise,광교그룹운동,blog,,,아로마홈크리닝 https://aromacng.modoo.at/,"수도권, 양정삼(중고차), 양성원(디벨로퍼), 양종천(수맥, 블로거,",리치캣의 현재 그리고 미래,300
2026-09-26,TeamPoise,상현그룹 PT,place,1,팀포이즈 그룹PT,팀포이즈 그룹PT,올데이요가x플라잉 상현본점,,2
2026-09-26,TeamPoise,상현그룹 PT,blog,18,[광교그룹운동/팀포이즈상현점] 겨울에도 체지방은 빠지고 근육량....,수지킥복싱,박언니의 이야기,광교PT 케어핏 재활피트니스,18
2026-09-26,TeamPoise,상현그룹 트레이닝,place,1,팀포이즈 그룹PT,팀포이즈 그룹PT,,,1
2026-09-26,TeamPoise,상현그룹 트레이닝,blog,2,"[상현그룹운동 | 팀포이즈광교상현] 시작이 반이라던데, 운동 첫시....",^_______^,광교그룹운동 팀포이즈,,2
2026-09-26,TeamPoise,상현 하이록스,place,1,팀포이즈 그룹PT,팀포이즈 그룹PT,,,1
2026-09-26,TeamPoise,상현 하이록스,blog,5,[상현그룹운동/팀포이즈상현점] 많이 변한 2025년의 운동 트랜드. 그 ....,문라잇 크로스핏 성복점,초코초코 해피라이프,@damybien,5
2026-09-26,TeamPoise,상현 운동,place,,,헬스보이짐PT 상현점,상현골프클럽,VIP GYM 용인상현점,5
2026-09-26,TeamPoise,상현 운동,blog,,,재테크 집,재테크 집,재테크 집,300
2026-09-27,Reboot,철산헬스장,place,,,클리어짐 철산역점,짐박스피트니스 철산점,휘트니스피플 우먼 철산점,5
2026-09-27,Reboot,철산헬스장,blog,,,아로마홈크리닝 https://aromacng.modoo.at/,아로마홈크리닝 https://aromacng.modoo.at/,아로마홈크리닝 https://aromacng.modoo.at/,300
2026-09-27,Reboot,광명헬스장,place,,,클리어짐 철산역점,짐박스피트니스 철산점,휘트니스피플 우먼 광명점,5
2026-09-27,Reboot,광명헬스장,blog,,,4차산업혁명 투자정보및 IT정보,프리미엄마이너: 건강한 자산 키우기,모히또 가서 몰디브 한잔,300
2026-09-27,Reboot,철산역헬스장,place,,,클리어짐 철산역점,짐박스피트니스 철산점,휘트니스피플 우먼 철산점,5
2026-09-27,Reboot,철산역헬스장,blog,,,인생리뷰,인생리뷰,리치캣의 현재 그리고 미래,300
2026-09-27,Reboot,철산PT,place,,,클리어짐 철산역점,헬스보이짐 철산점,위무브트레이닝 하이록스,5
2026-09-27,Reboot,철산PT,blog,,,오늘을 더 행복하게._.,철산유일 웨이트&펑셔널 PT,철산유일 웨이트&펑셔널 PT,300
2026-09-27,Reboot,철산헬스,place,,,클리어짐 철산역점,짐박스피트니스 철산점,휘트니스피플 우먼 철산점,5
2026-09-27,Reboot,철산헬스,blog,,,국민생활의힘,아이러브비즈니스,아로마홈크리닝 https://aromacng.modoo.at/,300
2026-09-27,Reboot,광명크로스핏,place,3,리부트 팀트레이닝,위무브트레이닝 하이록스,크로스핏어셈블,리부트 팀트레이닝,5
2026-09-27,Reboot,광명크로스핏,blog,,,세계정복,daily,우리의 정보통,300
2026-09-27,Reboot,철산동헬스장,place,,,클리어짐 철산역점,짐박스피트니스 철산점,휘트니스피플 우먼 철산점,5
2026-09-27,Reboot,철산동헬스장,blog,,,아로마홈크리닝 https://aromacng.modoo.at/,아로마홈크리닝 https://aromacng.modoo.at/,아로마홈크리닝 https://aromacng.modoo.at/,300
2026-09-27,Reboot,광명PT,place,,,클리어짐 철산역점,클리어짐 광명역점,헬스보이짐 철산점,5
2026-09-27,Reboot,광명PT,blog,,,https://blog.aladin.co.kr/,https://wife5920.tistory.com/,미녀들의 수다 :: 미녀들의 수다,300
2026-09-27,Reboot,철산크로스핏,place,3,리부트 팀트레이닝,위무브트레이닝 하이록스,크로스핏어셈블,리부트 팀트레이닝,5
2026-09-27,Reboot,철산크로스핏,blog,57,리부트 Equipment,Woori CrossFit,돌쇠도서(200평만화),^_______^,57
2026-09-27,Reboot,철산역PT,place,,,클리어짐 철산역점,헬스보이짐 철산점,위무브트레이닝 하이록스,5
2026-09-27,Reboot,철산역PT,blog,,,진한서랍 — 진한서랍,모히또 가서 몰디브 한잔,DAILYINFO365,300
2026-09-27,Reboot,철산역 헬스,place,,,클리어짐 철산역점,짐박스피트니스 철산점,휘트니스피플 우먼 철산점,5
2026-09-27,Reboot,철산역 헬스,blog,,,원진 페인트 방수공사,https://fdn7500.tistory.com/,초코초코 해피라이프,300
2026-09-27,Reboot,철산하이록스,place,3,리부트 팀트레이닝,위무브트레이닝 하이록스,크로스핏어셈블,리부트 팀트레이닝,3
2026-09-27,Reboot,철산하이록스,blog,32,리부트 Equipment,철산유일 웨이트&펑셔널 PT,Hyeni.zip,WEMOVE TRAINING,32
2026-09-27,Reboot,광명하이록스,place,1,리부트 팀트레이닝,리부트 팀트레이닝,위무브트레이닝 하이록스,엠버 크로스핏,4
2026-09-27,Reboot,광명하이록스,blog,82,러닝 못해도 하이록스 준비할 수 있을까?,엥꼬의 블로그,GYMTONIC,꾸향의 소비 영수증,82
2026-09-27,Reboot,철산그룹PT,place,3,리부트 팀트레이닝,위무브트레이닝 하이록스,헬스보이짐 철산점,리부트 팀트레이닝,3
2026-09-27,Reboot,철산그룹PT,blog,,,육아대디의 따뜻한 육아블로그,리본부트캠프광명철산,도리도리도리도리감자도리,300
2026-09-27,Reboot,철산역 크로스핏,place,3,리부트 팀트레이닝,위무브트레이닝 하이록스,크로스핏어셈블,리부트 팀트레이닝,5
2026-09-27,Reboot,철산역 크로스핏,blog,,,모히또 가서 몰디브 한잔,아이러브비즈니스,졔졔의 독기품은 크로스핏,300
2026-09-27,Reboot,철산역 운동,place,,,클리어짐 철산역점,짐박스피트니스 철산점,휘트니스피플 우먼 철산점,5
2026-09-27,Reboot,철산역 운동,blog,,,은빛유니콘과 kukuri :: 은빛유니콘과 kukuri,은빛유니콘과 kukuri :: 은빛유니콘과 kukuri,은빛유니콘과 kukuri :: 은빛유니콘과 kukuri,300
2026-09-27,Reboot,철산역 하이록스,place,3,리부트 팀트레이닝,위무브트레이닝 하이록스,크로스핏어셈블,리부트 팀트레이닝,4
2026-09-27,Reboot,철산역 하이록스,blog,27,"하이록스 신발, 러닝화랑 트레이닝화 중 뭘 신을까?",철산유일 웨이트&펑셔널 PT,MosTen 인사이트,from29to,27
2026-09-27,Reboot,철산역 그룹피티,place,2,리부트 팀트레이닝,위무브트레이닝 하이록스,리부트 팀트레이닝,헬스보이짐 철산점,4
2026-09-27,Reboot,철산역 그룹피티,blog,,,onepickgym 철산 1:1PT,아이러브비즈니스,아이러브비즈니스,300
2026-09-27,Reboot,철산팀트레이닝,place,,,,,,0
2026-09-27,Reboot,철산팀트레이닝,blog,,,,,,0
2026-09-27,Reboot,광명그룹PT,place,2,리부트 팀트레이닝,위무브트레이닝 하이록스,리부트 팀트레이닝,핏클러스터 헬스&그룹PT&월요가,4
2026-09-27,Reboot,광명그룹PT,blog,,,그냥사는거지,초코초코 해피라이프,경제와 유아독존,300
2026-09-27,Reboot,광명그룹운동,place,2,리부트 팀트레이닝,온필라테스 라운지 철산점,리부트 팀트레이닝,위무브트레이닝 하이록스,5
2026-09-27,Reboot,광명그룹운동,blog,,,A Signal,덕트tv_사람살리는기술로 함께,리치캣의 현재 그리고 미래,300
2026-09-27,TeamPoise,광교헬스장,place,,,더블에스휘트니스 광교점,헬스보이짐앤필라걸 광교점,도미디피트니스 헬스 PT 광교점,5
2026-09-27,TeamPoise,광교헬스장,blog,,,지식봇,리치캣의 현재 그리고 미래,모히또 가서 몰디브 한잔,300
2026-09-27,TeamPoise,광교PT,place,,,킹스짐PT 광교아브뉴프랑점,마이짐 아주대점,석세스짐&PT 광교프라이빗점,5
2026-09-27,TeamPoise,광교PT,blog,,,Britz,💢˚숙박여행~ 부킹닷컴,💢˚숙박여행~ 부킹닷컴,300
2026-09-27,TeamPoise,상현역헬스장,place,,,헬스보이짐PT 상현점,리스탠스 재활PT,오늘보다내일짐 상현점,5
2026-09-27,TeamPoise,상현역헬스장,blog,,,리치캣의 현재 그리고 미래,인생리뷰,인생리뷰,300
2026-09-27,TeamPoise,상현동헬스장,place,,,헬스보이짐PT 상현점,노아휘트니스&스파사우나,VIP GYM 용인상현점,5
2026-09-27,TeamPoise,상현동헬스장,blog,,,아로마홈크리닝 https://aromacng.modoo.at/,신자본시대,리치캣의 현재 그리고 미래,300
2026-09-27,TeamPoise,수지헬스장,place,,,빌리프짐 헬스&PT 죽전점,헤일로짐 헬스&PT&스파&GDR 골프 수지점,바이칼휘트니스 수지점,5
2026-09-27,TeamPoise,수지헬스장,blog,,,J 경제인사이트,국민생활의힘,J 경제인사이트,300
2026-09-27,TeamPoise,광교크로스핏,place,,,크로스핏 블루 광교 3호점,좋은습관 PT STUDIO 광교,애틀릭스 트레이닝 광교,5
2026-09-27,TeamPoise,광교크로스핏,blog,126,[하이록스/크로스핏/팀포이즈상현] 처음인 분들을 위한 최고의 프로....,콩주머니의 블로그,지곰 일기,콩주머니의 블로그,126
2026-09-27,TeamPoise,광교중앙역헬스장,place,,,헬스보이짐앤필라걸 광교점,도미디피트니스 헬스 PT 광교점,킹스짐PT 광교아브뉴프랑점,5
2026-09-27,TeamPoise,광교중앙역헬스장,blog,,,인생리뷰,인생리뷰,리치캣의 현재 그리고 미래,300
2026-09-27,TeamPoise,상현역PT,place,,,헬스보이짐PT 상현점,리스탠스 재활PT,광교PT 제이엠피트니스 상현역점,5
2026-09-27,TeamPoise,상현역PT,blog,,,2025 전화번호 주소 리스트 :: 2025 전화번호 주소 리스트,재테크 집,재테크 집,300
2026-09-27,TeamPoise,수지PT,place,,,헬스보이짐PT 상현점,비전휘트니스 수지점,헬스보이짐PT&필라걸&골프인 수지점,5
2026-09-27,TeamPoise,수지PT,blog,,,뱀선생게임,칸코레 이벤트 로그 기록소 :: 칸코레 이벤트 로그 기록소,무한긍정충전소,300
2026-09-27,TeamPoise,수지크로스핏,place,,,버너스,문라잇크로스핏 성복점,문라잇 크로스핏,5
2026-09-27,TeamPoise,수지크로스핏,blog,,,훈샘의 Design Story,FW 개발자,문라잇 크로스핏 수지구청점,300
2026-09-27,TeamPoise,광교하이록스,place,5,팀포이즈 그룹PT,F45 광교,애틀릭스 트레이닝 광교,크로스핏 블루 광교 3호점,5
2026-09-27,TeamPoise,광교하이록스,blog,17,"[상현그룹운동 | 팀포이즈광교상현] 시작이 반이라던데, 운동 첫시....",히도미전골,I ___ you.,"DKpa, 하루가 하루가 소중한 사십대의 러닝 생활",17
2026-09-27,TeamPoise,상현헬스장,place,,,헬스보이짐PT 상현점,VIP GYM 용인상현점,오늘보다내일짐 상현점,5
2026-09-27,TeamPoise,상현헬스장,blog,,,J 경제인사이트,아로마홈크리닝 https://aromacng.modoo.at/,아이러브비즈니스,300
2026-09-27,TeamPoise,광교그룹운동,place,,,F45 광교,좋은습관 PT STUDIO 광교,미라클피트니스 헬스 PT 그룹PT,5
2026-09-27,TeamPoise,광교그룹운동,blog,,,아로마홈크리닝 https://aromacng.modoo.at/,리치캣의 현재 그리고 미래,"수도권, 양정삼(중고차), 양성원(디벨로퍼), 양종천(수맥, 블로거,",300
2026-09-27,TeamPoise,상현그룹 PT,place,1,팀포이즈 그룹PT,팀포이즈 그룹PT,올데이요가x플라잉 상현본점,,2
2026-09-27,TeamPoise,상현그룹 PT,blog,216,[2026HYROX 준비 필독사항 | 팀포이즈광교상현] 첫 스테이션의 시작 스....,수지킥복싱,박언니의 이야기,광교PT 케어핏 재활피트니스,216
2026-09-27,TeamPoise,상현그룹 트레이닝,place,1,팀포이즈 그룹PT,팀포이즈 그룹PT,,,1
2026-09-27,TeamPoise,상현그룹 트레이닝,blog,2,"[상현그룹운동 | 팀포이즈광교상현] 시작이 반이라던데, 운동 첫시....",^_______^,광교그룹운동 팀포이즈,,2
2026-09-27,TeamPoise,상현 하이록스,place,1,팀포이즈 그룹PT,팀포이즈 그룹PT,,,1
2026-09-27,TeamPoise,상현 하이록스,blog,5,[상현그룹운동/팀포이즈상현점] 많이 변한 2025년의 운동 트랜드. 그 ....,문라잇 크로스핏 성복점,초코초코 해피라이프,@damybien,5
2026-09-27,TeamPoise,상현 운동,place,,,헬스보이짐PT 상현점,상현골프클럽,VIP GYM 용인상현점,5
2026-09-27,TeamPoise,상현 운동,blog,,,재테크 집,재테크 집,원룸용달이사.010-4351-2400.,300
2026-09-28,Reboot,철산헬스장,place,,,클리어짐 철산역점,짐박스피트니스 철산점,휘트니스피플 우먼 철산점,5
2026-09-28,Reboot,철산헬스장,blog,,,아이러브비즈니스,인생리뷰,인생리뷰,300
2026-09-28,Reboot,광명헬스장,place,,,클리어짐 철산역점,짐박스피트니스 철산점,짐박스피트니스 광명하안점,5
2026-09-28,Reboot,광명헬스장,blog,,,모히또 가서 몰디브 한잔,Planet-D review,제로투원파트너스,300
2026-09-28,Reboot,철산역헬스장,place,,,클리어짐 철산역점,짐박스피트니스 철산점,휘트니스피플 우먼 철산점,5
2026-09-28,Reboot,철산역헬스장,blog,,,박상근,초코초코 해피라이프,빛나는 일상을 탐방하기,300
2026-09-28,Reboot,철산PT,place,,,클리어짐 철산역점,헬스보이짐 철산점,위무브트레이닝 하이록스,5
2026-09-28,Reboot,철산PT,blog,,,철산유일 웨이트&펑셔널 PT,헬스보이짐 철산점,짬머니 레시피,300
2026-09-28,Reboot,철산헬스,place,,,클리어짐 철산역점,짐박스피트니스 철산점,휘트니스피플 우먼 철산점,5
2026-09-28,Reboot,철산헬스,blog,,,인생리뷰,리치캣의 현재 그리고 미래,리치캣의 현재 그리고 미래,300
2026-09-28,Reboot,광명크로스핏,place,3,리부트 팀트레이닝,위무브트레이닝 하이록스,크로스핏어셈블,리부트 팀트레이닝,5
2026-09-28,Reboot,광명크로스핏,blog,,,세계정복,daily,우리의 정보통,300
2026-09-28,Reboot,철산동헬스장,place,,,클리어짐 철산역점,짐박스피트니스 철산점,휘트니스피플 우먼 철산점,5
2026-09-28,Reboot,철산동헬스장,blog,,,거미가 되고 싶은 개미,리치캣의 현재 그리고 미래,밍코와 뽀순이네,300
2026-09-28,Reboot,광명PT,place,,,클리어짐 철산역점,클리어짐 광명역점,헬스보이짐 철산점,5
2026-09-28,Reboot,광명PT,blog,,,후회없는 삶,https://blog.aladin.co.kr/,모히또 가서 몰디브 한잔,300
2026-09-28,Reboot,철산크로스핏,place,3,리부트 팀트레이닝,위무브트레이닝 하이록스,크로스핏어셈블,리부트 팀트레이닝,5
2026-09-28,Reboot,철산크로스핏,blog,57,리부트 Equipment,Woori CrossFit,돌쇠도서(200평만화),^_______^,57
2026-09-28,Reboot,철산역PT,place,,,클리어짐 철산역점,헬스보이짐 철산점,위무브트레이닝 하이록스,5
2026-09-28,Reboot,철산역PT,blog,,,진한서랍 — 진한서랍,모히또 가서 몰디브 한잔,DAILYINFO365,300
2026-09-28,Reboot,철산역 헬스,place,,,클리어짐 철산역점,짐박스피트니스 철산점,휘트니스피플 우먼 철산점,5
2026-09-28,Reboot,철산역 헬스,blog,,,S머프의 회사원탈출기,리치캣의 현재 그리고 미래,지식봇,300
2026-09-28,Reboot,철산하이록스,place,3,리부트 팀트레이닝,위무브트레이닝 하이록스,크로스핏어셈블,리부트 팀트레이닝,3
2026-09-28,Reboot,철산하이록스,blog,33,리부트 Equipment,호픽 블로그,철산유일 웨이트&펑셔널 PT,호픽 블로그,33
2026-09-28,Reboot,광명하이록스,place,1,리부트 팀트레이닝,리부트 팀트레이닝,위무브트레이닝 하이록스,엠버 크로스핏,4
2026-09-28,Reboot,광명하이록스,blog,82,러닝 못해도 하이록스 준비할 수 있을까?,KOREA_CLASS,호픽 블로그,KOREA_CLASS,82
2026-09-28,Reboot,철산그룹PT,place,3,리부트 팀트레이닝,위무브트레이닝 하이록스,헬스보이짐 철산점,리부트 팀트레이닝,3
2026-09-28,Reboot,철산그룹PT,blog,,,밈하세상,day by day,지금 하고싶은걸 하자!,300
2026-09-28,Reboot,철산역 크로스핏,place,3,리부트 팀트레이닝,위무브트레이닝 하이록스,크로스핏어셈블,리부트 팀트레이닝,5
2026-09-28,Reboot,철산역 크로스핏,blog,,,모히또 가서 몰디브 한잔,아이러브비즈니스,졔졔의 독기품은 크로스핏,300
2026-09-28,Reboot,철산역 운동,place,,,클리어짐 철산역점,짐박스피트니스 철산점,휘트니스피플 우먼 철산점,5
2026-09-28,Reboot,철산역 운동,blog,,,은빛유니콘과 kukuri :: 은빛유니콘과 kukuri,은빛유니콘과 kukuri :: 은빛유니콘과 kukuri,은빛유니콘과 kukuri :: 은빛유니콘과 kukuri,300
2026-09-28,Reboot,철산역 하이록스,place,3,리부트 팀트레이닝,위무브트레이닝 하이록스,크로스핏어셈블,리부트 팀트레이닝,4
2026-09-28,Reboot,철산역 하이록스,blog,27,"하이록스 신발, 러닝화랑 트레이닝화 중 뭘 신을까?",철산유일 웨이트&펑셔널 PT,MosTen 인사이트,from29to,27
2026-09-28,Reboot,철산역 그룹피티,place,2,리부트 팀트레이닝,위무브트레이닝 하이록스,리부트 팀트레이닝,헬스보이짐 철산점,4
2026-09-28,Reboot,철산역 그룹피티,blog,,,onepickgym 철산 1:1PT,아이러브비즈니스,아이러브비즈니스,300
2026-09-28,Reboot,철산팀트레이닝,place,,,,,,0
2026-09-28,Reboot,철산팀트레이닝,blog,,,,,,0
2026-09-28,Reboot,광명그룹PT,place,2,리부트 팀트레이닝,위무브트레이닝 하이록스,리부트 팀트레이닝,핏클러스터 헬스&그룹PT&월요가,4
2026-09-28,Reboot,광명그룹PT,blog,,,핏클러스터,초코초코 해피라이프,경제와 유아독존,300
2026-09-28,Reboot,광명그룹운동,place,2,리부트 팀트레이닝,온필라테스 라운지 철산점,리부트 팀트레이닝,위무브트레이닝 하이록스,5
2026-09-28,Reboot,광명그룹운동,blog,,,정보 공장,덕트tv_사람살리는기술로 함께,A Signal,300
2026-09-28,TeamPoise,광교헬스장,place,,,더블에스휘트니스 광교점,헬스보이짐앤필라걸 광교점,도미디피트니스 헬스 PT 광교점,5
2026-09-28,TeamPoise,광교헬스장,blog,,,리치캣의 현재 그리고 미래,https://fdn7500.tistory.com/,아이러브비즈니스,300
2026-09-28,TeamPoise,광교PT,place,,,킹스짐PT 광교아브뉴프랑점,석세스짐&PT 광교프라이빗점,마이짐 아주대점,5
2026-09-28,TeamPoise,광교PT,blog,,,Britz,💢˚숙박여행~ 부킹닷컴,💢˚숙박여행~ 부킹닷컴,300
2026-09-28,TeamPoise,상현역헬스장,place,,,헬스보이짐PT 상현점,리스탠스 재활PT,오늘보다내일짐 상현점,5
2026-09-28,TeamPoise,상현역헬스장,blog,,,리치캣의 현재 그리고 미래,인생리뷰,인생리뷰,300
2026-09-28,TeamPoise,상현동헬스장,place,,,헬스보이짐PT 상현점,노아휘트니스&스파사우나,VIP GYM 용인상현점,5
2026-09-28,TeamPoise,상현동헬스장,blog,,,INFOTIP,흐르는강물처럼,리치캣의 현재 그리고 미래,300
2026-09-28,TeamPoise,수지헬스장,place,,,빌리프짐 헬스&PT 죽전점,헤일로짐 헬스&PT&스파&GDR 골프 수지점,바이칼휘트니스 수지점,5
2026-09-28,TeamPoise,수지헬스장,blog,,,추억은 방울방울,J 경제인사이트,국민생활의힘,300
2026-09-28,TeamPoise,광교크로스핏,place,,,크로스핏 블루 광교 3호점,좋은습관 PT STUDIO 광교,애틀릭스 트레이닝 광교,5
2026-09-28,TeamPoise,광교크로스핏,blog,126,[하이록스/크로스핏/팀포이즈상현] 처음인 분들을 위한 최고의 프로....,김바보 (Ba & Bo) 부부의 일상 - 김바보 (Ba & Bo) 부부의 일상,어라운드트레이닝 광교,지곰 일기,126
2026-09-28,TeamPoise,광교중앙역헬스장,place,,,헬스보이짐앤필라걸 광교점,도미디피트니스 헬스 PT 광교점,킹스짐PT 광교아브뉴프랑점,5
2026-09-28,TeamPoise,광교중앙역헬스장,blog,,,리치캣의 현재 그리고 미래,리치캣의 현재 그리고 미래,리치캣의 현재 그리고 미래,300
2026-09-28,TeamPoise,상현역PT,place,,,헬스보이짐PT 상현점,리스탠스 재활PT,광교PT 제이엠피트니스 상현역점,5
2026-09-28,TeamPoise,상현역PT,blog,,,2025 전화번호 주소 리스트 :: 2025 전화번호 주소 리스트,재테크 집,재테크 집,300
2026-09-28,TeamPoise,수지PT,place,,,헬스보이짐PT 상현점,비전휘트니스 수지점,헬스보이짐PT&필라걸&골프인 수지점,5
2026-09-28,TeamPoise,수지PT,blog,,,칸코레 이벤트 로그 기록소 :: 칸코레 이벤트 로그 기록소,무한긍정충전소,무한긍정충전소,300
2026-09-28,TeamPoise,수지크로스핏,place,,,버너스,문라잇크로스핏 성복점,크로스핏 메이트,5
2026-09-28,TeamPoise,수지크로스핏,blog,,,한눈경제 정찬삼 블로그 :: 한눈경제 정찬삼 블로그,훈샘의 Design Story,FW 개발자,300
2026-09-28,TeamPoise,광교하이록스,place,5,팀포이즈 그룹PT,F45 광교,크로스핏 블루 광교 3호점,애틀릭스 트레이닝 광교,5
2026-09-28,TeamPoise,광교하이록스,blog,17,"[상현그룹운동 | 팀포이즈광교상현] 시작이 반이라던데, 운동 첫시....",I ___ you.,"DKpa, 하루가 하루가 소중한 사십대의 러닝 생활",Move Well. Live Well.,17
2026-09-28,TeamPoise,상현헬스장,place,,,헬스보이짐PT 상현점,VIP GYM 용인상현점,오늘보다내일짐 상현점,5
2026-09-28,TeamPoise,상현헬스장,blog,,,INFOTIP,리치캣의 현재 그리고 미래,인생리뷰,300
2026-09-28,TeamPoise,광교그룹운동,place,,,F45 광교,좋은습관 PT STUDIO 광교,미라클피트니스 헬스 PT 그룹PT,5
2026-09-28,TeamPoise,광교그룹운동,blog,,,아이러브비즈니스,아이러브비즈니스,리치캣의 현재 그리고 미래,300
2026-09-28,TeamPoise,상현그룹 PT,place,1,팀포이즈 그룹PT,팀포이즈 그룹PT,올데이요가x플라잉 상현본점,,2
2026-09-28,TeamPoise,상현그룹 PT,blog,,,수지킥복싱,박언니의 이야기,광교PT 케어핏 재활피트니스,300
2026-09-28,TeamPoise,상현그룹 트레이닝,place,1,팀포이즈 그룹PT,팀포이즈 그룹PT,,,1
2026-09-28,TeamPoise,상현그룹 트레이닝,blog,2,"[상현그룹운동 | 팀포이즈광교상현] 시작이 반이라던데, 운동 첫시....",^_______^,광교그룹운동 팀포이즈,,2
2026-09-28,TeamPoise,상현 하이록스,place,1,팀포이즈 그룹PT,팀포이즈 그룹PT,,,1
2026-09-28,TeamPoise,상현 하이록스,blog,5,[상현그룹운동/팀포이즈상현점] 많이 변한 2025년의 운동 트랜드. 그 ....,문라잇 크로스핏 성복점,초코초코 해피라이프,@damybien,5
2026-09-28,TeamPoise,상현 운동,place,,,헬스보이짐PT 상현점,상현골프클럽,VIP GYM 용인상현점,5
2026-09-28,TeamPoise,상현 운동,blog,,,하늘과 땅이 만나는 성서인문학(Biblical Humanities),nodam1,Magazine.M,300
2026-09-29,Reboot,철산헬스장,place,,,클리어짐 철산역점,헬스보이짐 철산점,짐박스피트니스 철산점,5
2026-09-29,Reboot,철산헬스장,blog,,,아이러브비즈니스,인생리뷰,생활정보공유,300
2026-09-29,Reboot,광명헬스장,place,,,클리어짐 철산역점,헬스보이짐 철산점,짐박스피트니스 철산점,5
2026-09-29,Reboot,광명헬스장,blog,,,주식공부,모히또 가서 몰디브 한잔,모히또 가서 몰디브 한잔,300
2026-09-29,Reboot,철산역헬스장,place,,,클리어짐 철산역점,헬스보이짐 철산점,짐박스피트니스 철산점,5
2026-09-29,Reboot,철산역헬스장,blog,,,빛나는 일상을 탐방하기,2022 기술경영의 미래를 함께하는 사람들,마이터,300
2026-09-29,Reboot,철산PT,place,,,클리어짐 철산역점,헬스보이짐 철산점,위무브트레이닝 하이록스,5
2026-09-29,Reboot,철산PT,blog,,,철산유일 웨이트&펑셔널 PT,Everyday SUDA :),철산유일 웨이트&펑셔널 PT,300
2026-09-29,Reboot,철산헬스,place,,,클리어짐 철산역점,헬스보이짐 철산점,짐박스피트니스 철산점,5
2026-09-29,Reboot,철산헬스,blog,,,인생리뷰,아이러브비즈니스,인생리뷰,300
2026-09-29,Reboot,광명크로스핏,place,3,리부트 팀트레이닝,크로스핏어셈블,위무브트레이닝 하이록스,리부트 팀트레이닝,5
2026-09-29,Reboot,광명크로스핏,blog,,,daily,세계정복,우리의 정보통,300
2026-09-29,Reboot,철산동헬스장,place,,,클리어짐 철산역점,헬스보이짐 철산점,짐박스피트니스 철산점,5
2026-09-29,Reboot,철산동헬스장,blog,,,거미가 되고 싶은 개미,리치캣의 현재 그리고 미래,리치캣의 현재 그리고 미래,300
2026-09-29,Reboot,광명PT,place,,,클리어짐 철산역점,헬스보이짐 철산점,클리어짐 광명역점,5
2026-09-29,Reboot,광명PT,blog,,,먹고 놀고 여행하기:),07222224,https://blog.aladin.co.kr/,300
2026-09-29,Reboot,철산크로스핏,place,3,리부트 팀트레이닝,크로스핏어셈블,위무브트레이닝 하이록스,리부트 팀트레이닝,5
2026-09-29,Reboot,철산크로스핏,blog,57,리부트 Equipment,돌쇠도서(200평만화),^_______^,인스타 7만 팔로워 유튜버 김남신이 직접 레슨 합니다,57
2026-09-29,Reboot,철산역PT,place,,,클리어짐 철산역점,헬스보이짐 철산점,위무브트레이닝 하이록스,5
2026-09-29,Reboot,철산역PT,blog,,,진한서랍 — 진한서랍,미추홀구 학익동 초중고 진리 수학 전문 학원 :: 미추홀구 학익동 초중고 진리 수학 전문 학원,모히또 가서 몰디브 한잔,300
2026-09-29,Reboot,철산역 헬스,place,,,클리어짐 철산역점,헬스보이짐 철산점,짐박스피트니스 철산점,5
2026-09-29,Reboot,철산역 헬스,blog,,,까먹방 리콜렉숀,S머프의 회사원탈출기,리치캣의 현재 그리고 미래,300
2026-09-29,Reboot,철산하이록스,place,3,리부트 팀트레이닝,위무브트레이닝 하이록스,크로스핏어셈블,리부트 팀트레이닝,3
2026-09-29,Reboot,철산하이록스,blog,12,"퇴근 후 운동, 주 몇 번 가야 체력이 붙을까?",호픽 블로그,우당탕탕 블로그,WEMOVE TRAINING,12
2026-09-29,Reboot,광명하이록스,place,1,리부트 팀트레이닝,리부트 팀트레이닝,위무브트레이닝 하이록스,엠버 크로스핏,4
2026-09-29,Reboot,광명하이록스,blog,83,러닝 못해도 하이록스 준비할 수 있을까?,KOREA_CLASS,KOREA_CLASS,KOREA_CLASS,83
2026-09-29,Reboot,철산그룹PT,place,3,리부트 팀트레이닝,위무브트레이닝 하이록스,헬스보이짐 철산점,리부트 팀트레이닝,3
2026-09-29,Reboot,철산그룹PT,blog,,,밈하세상,day by day,지금 하고싶은걸 하자!,300
2026-09-29,Reboot,철산역 크로스핏,place,3,리부트 팀트레이닝,크로스핏어셈블,위무브트레이닝 하이록스,리부트 팀트레이닝,5
2026-09-29,Reboot,철산역 크로스핏,blog,,,모히또 가서 몰디브 한잔,아이러브비즈니스,크로스핏 어셈블,300
2026-09-29,Reboot,철산역 운동,place,,,클리어짐 철산역점,헬스보이짐 철산점,짐박스피트니스 철산점,5
2026-09-29,Reboot,철산역 운동,blog,,,은빛유니콘과 kukuri :: 은빛유니콘과 kukuri,은빛유니콘과 kukuri :: 은빛유니콘과 kukuri,은빛유니콘과 kukuri :: 은빛유니콘과 kukuri,300
2026-09-29,Reboot,철산역 하이록스,place,3,리부트 팀트레이닝,위무브트레이닝 하이록스,크로스핏어셈블,리부트 팀트레이닝,4
2026-09-29,Reboot,철산역 하이록스,blog,23,"하이록스 월볼 100개, 안 끊고 끝내려면 어떻게 나눌까?",철산유일 웨이트&펑셔널 PT,MosTen 인사이트,from29to,23
2026-09-29,Reboot,철산역 그룹피티,place,2,리부트 팀트레이닝,위무브트레이닝 하이록스,리부트 팀트레이닝,헬스보이짐 철산점,4
2026-09-29,Reboot,철산역 그룹피티,blog,,,onepickgym 철산 1:1PT,아이러브비즈니스,아이러브비즈니스,300
2026-09-29,Reboot,철산팀트레이닝,place,,,,,,0
2026-09-29,Reboot,철산팀트레이닝,blog,,,,,,0
2026-09-29,Reboot,광명그룹PT,place,2,리부트 팀트레이닝,위무브트레이닝 하이록스,리부트 팀트레이닝,핏클러스터 헬스&그룹PT&월요가,4
2026-09-29,Reboot,광명그룹PT,blog,,,핏클러스터,그냥사는거지,초코초코 해피라이프,300
2026-09-29,Reboot,광명그룹운동,place,2,리부트 팀트레이닝,온필라테스 라운지 철산점,리부트 팀트레이닝,위무브트레이닝 하이록스,5
2026-09-29,Reboot,광명그룹운동,blog,,,A Signal,리치캣의 현재 그리고 미래,리치캣의 현재 그리고 미래,300
2026-09-29,TeamPoise,광교헬스장,place,,,더블에스휘트니스 광교점,헬스보이짐앤필라걸 광교점,도미디피트니스 헬스 PT 광교점,5
2026-09-29,TeamPoise,광교헬스장,blog,,,https://fdn7500.tistory.com/,리치캣의 현재 그리고 미래,1gram씩 저장하기,300
2026-09-29,TeamPoise,광교PT,place,,,킹스짐PT 광교아브뉴프랑점,석세스짐&PT 광교프라이빗점,마이짐 아주대점,5
2026-09-29,TeamPoise,광교PT,blog,,,Britz,💢˚숙박여행~ 부킹닷컴,초코초코 해피라이프,300
2026-09-29,TeamPoise,상현역헬스장,place,,,헬스보이짐PT 상현점,오늘보다내일짐 상현점,리스탠스 재활PT,5
2026-09-29,TeamPoise,상현역헬스장,blog,,,리치캣의 현재 그리고 미래,아이러브비즈니스,아이러브비즈니스,300
2026-09-29,TeamPoise,상현동헬스장,place,,,노아휘트니스&스파사우나,헬스보이짐PT 상현점,VIP GYM 용인상현점,5
2026-09-29,TeamPoise,상현동헬스장,blog,,,리치캣의 현재 그리고 미래,아이러브비즈니스,리치캣의 현재 그리고 미래,300
2026-09-29,TeamPoise,수지헬스장,place,,,헤일로짐 헬스&PT&스파&GDR 골프 수지점,바이칼휘트니스 수지점,빌리프짐 헬스&PT 죽전점,5
2026-09-29,TeamPoise,수지헬스장,blog,,,한눈경제 정찬삼 블로그 :: 한눈경제 정찬삼 블로그,한눈경제 정찬삼 블로그 :: 한눈경제 정찬삼 블로그,J 경제인사이트,300
2026-09-29,TeamPoise,광교크로스핏,place,,,크로스핏 블루 광교 3호점,좋은습관 PT STUDIO 광교,애틀릭스 트레이닝 광교,5
2026-09-29,TeamPoise,광교크로스핏,blog,126,[하이록스/크로스핏/팀포이즈상현] 처음인 분들을 위한 최고의 프로....,큐레이션 로그,김바보 (Ba & Bo) 부부의 일상 - 김바보 (Ba & Bo) 부부의 일상,지곰 일기,126
2026-09-29,TeamPoise,광교중앙역헬스장,place,,,헬스보이짐앤필라걸 광교점,도미디피트니스 헬스 PT 광교점,킹스짐PT 광교아브뉴프랑점,5
2026-09-29,TeamPoise,광교중앙역헬스장,blog,,,인생리뷰,인생리뷰,매일매일 업데이트!,300
2026-09-29,TeamPoise,상현역PT,place,,,헬스보이짐PT 상현점,리스탠스 재활PT,광교PT 제이엠피트니스 상현역점,5
2026-09-29,TeamPoise,상현역PT,blog,,,2025 전화번호 주소 리스트 :: 2025 전화번호 주소 리스트,재테크 집,재테크 집,300
2026-09-29,TeamPoise,수지PT,place,,,헬스보이짐PT 상현점,비전휘트니스 수지점,헬스보이짐PT&필라걸&골프인 수지점,5
2026-09-29,TeamPoise,수지PT,blog,,,칸코레 이벤트 로그 기록소 :: 칸코레 이벤트 로그 기록소,무한긍정충전소,무한긍정충전소,300
2026-09-29,TeamPoise,수지크로스핏,place,,,버너스,문라잇크로스핏 성복점,크로스핏 메이트,5
2026-09-29,TeamPoise,수지크로스핏,blog,,,한눈경제 정찬삼 블로그 :: 한눈경제 정찬삼 블로그,훈샘의 Design Story,FW 개발자,300
2026-09-29,TeamPoise,광교하이록스,place,5,팀포이즈 그룹PT,F45 광교,애틀릭스 트레이닝 광교,크로스핏 블루 광교 3호점,5
2026-09-29,TeamPoise,광교하이록스,blog,17,"[상현그룹운동 | 팀포이즈광교상현] 시작이 반이라던데, 운동 첫시....",고구마의 찐인생,I ___ you.,"DKpa, 하루가 하루가 소중한 사십대의 러닝 생활",17
2026-09-29,TeamPoise,상현헬스장,place,,,헬스보이짐PT 상현점,VIP GYM 용인상현점,오늘보다내일짐 상현점,5
2026-09-29,TeamPoise,상현헬스장,blog,,,리치캣의 현재 그리고 미래,인생리뷰,인생리뷰,300
2026-09-29,TeamPoise,광교그룹운동,place,,,F45 광교,좋은습관 PT STUDIO 광교,미라클피트니스 헬스 PT 그룹PT,5
2026-09-29,TeamPoise,광교그룹운동,blog,,,아이러브비즈니스,아이러브비즈니스,아이러브비즈니스,300
2026-09-29,TeamPoise,상현그룹 PT,place,1,팀포이즈 그룹PT,팀포이즈 그룹PT,올데이요가x플라잉 상현본점,,2
2026-09-29,TeamPoise,상현그룹 PT,blog,22,[광교그룹운동/팀포이즈상현점] 겨울에도 체지방은 빠지고 근육량....,수지킥복싱,광교PT 케어핏 재활피트니스,오리왕의 수라상,22
2026-09-29,TeamPoise,상현그룹 트레이닝,place,1,팀포이즈 그룹PT,팀포이즈 그룹PT,,,1
2026-09-29,TeamPoise,상현그룹 트레이닝,blog,1,"[상현그룹운동 | 팀포이즈광교상현] 시작이 반이라던데, 운동 첫시....",광교그룹운동 팀포이즈,,,1
2026-09-29,TeamPoise,상현 하이록스,place,1,팀포이즈 그룹PT,팀포이즈 그룹PT,,,1
2026-09-29,TeamPoise,상현 하이록스,blog,5,[상현그룹운동/팀포이즈상현점] 많이 변한 2025년의 운동 트랜드. 그 ....,문라잇 크로스핏 성복점,초코초코 해피라이프,@damybien,5
2026-09-29,TeamPoise,상현 운동,place,,,상현골프클럽,헬스보이짐PT 상현점,VIP GYM 용인상현점,5
2026-09-29,TeamPoise,상현 운동,blog,,,Magazine.M,재테크 집,재테크 집,300
2026-09-30,Reboot,철산헬스장,place,,,클리어짐 철산역점,헬스보이짐 철산점,휘트니스피플 우먼 철산점,5
2026-09-30,Reboot,철산헬스장,blog,,,인생리뷰,생활정보공유,행복한 부자되기-Why not me?,300
2026-09-30,Reboot,광명헬스장,place,,,클리어짐 철산역점,헬스보이짐 철산점,휘트니스피플 우먼 철산점,5
2026-09-30,Reboot,광명헬스장,blog,,,모히또 가서 몰디브 한잔,주식공부,아이러브비즈니스,300
2026-09-30,Reboot,철산역헬스장,place,,,클리어짐 철산역점,헬스보이짐 철산점,휘트니스피플 우먼 철산점,5
2026-09-30,Reboot,철산역헬스장,blog,,,마이터,daily diary 、여행 좋아하는 엄마의 일기,같이 & 가치 있는 삶,300
2026-09-30,Reboot,철산PT,place,,,클리어짐 철산역점,헬스보이짐 철산점,위무브트레이닝 하이록스,5
2026-09-30,Reboot,철산PT,blog,,,철산유일 웨이트&펑셔널 PT,마인드힐,철산유일 웨이트&펑셔널 PT,300
2026-09-30,Reboot,철산헬스,place,,,클리어짐 철산역점,헬스보이짐 철산점,휘트니스피플 우먼 철산점,5
2026-09-30,Reboot,철산헬스,blog,,,인생리뷰,아이러브비즈니스,인생리뷰,300
2026-09-30,Reboot,광명크로스핏,place,,,위무브트레이닝 하이록스,크로스핏어셈블,핏클러스터 헬스&그룹PT&월요가,5
2026-09-30,Reboot,광명크로스핏,blog,,,daily,세계정복,우리의 정보통,300
2026-09-30,Reboot,철산동헬스장,place,,,클리어짐 철산역점,헬스보이짐 철산점,휘트니스피플 우먼 철산점,5
2026-09-30,Reboot,철산동헬스장,blog,,,daily diary 、여행 좋아하는 엄마의 일기,구름속의 산책,아이러브비즈니스,300
2026-09-30,Reboot,광명PT,place,,,클리어짐 철산역점,헬스보이짐 철산점,클리어짐 광명역점,5
2026-09-30,Reboot,광명PT,blog,,,07222224,먹고 놀고 여행하기:),후회없는 삶,300
2026-09-30,Reboot,철산크로스핏,place,4,리부트 팀트레이닝,위무브트레이닝 하이록스,크로스핏어셈블,헬스보이짐 철산점,5
2026-09-30,Reboot,철산크로스핏,blog,58,리부트 Equipment,돌쇠도서(200평만화),^_______^,인스타 7만 팔로워 유튜버 김남신이 직접 레슨 합니다,58
2026-09-30,Reboot,철산역PT,place,,,클리어짐 철산역점,헬스보이짐 철산점,위무브트레이닝 하이록스,5
2026-09-30,Reboot,철산역PT,blog,,,진한서랍 — 진한서랍,모히또 가서 몰디브 한잔,DAILYINFO365,300
2026-09-30,Reboot,철산역 헬스,place,,,클리어짐 철산역점,헬스보이짐 철산점,휘트니스피플 우먼 철산점,5
2026-09-30,Reboot,철산역 헬스,blog,,,S머프의 회사원탈출기,리치캣의 현재 그리고 미래,리치캣의 현재 그리고 미래,300
2026-09-30,Reboot,철산하이록스,place,3,리부트 팀트레이닝,위무브트레이닝 하이록스,크로스핏어셈블,리부트 팀트레이닝,3
2026-09-30,Reboot,철산하이록스,blog,3,"하이록스 월볼 100개, 안 끊고 끝내려면 어떻게 나눌까?",철산유일 웨이트&펑셔널 PT,WEMOVE TRAINING,리부트 팀 트레이닝 철산점 | 하이록스/크로스핏,3
2026-09-30,Reboot,광명하이록스,place,2,리부트 팀트레이닝,위무브트레이닝 하이록스,리부트 팀트레이닝,엠버 크로스핏,4
2026-09-30,Reboot,광명하이록스,blog,3,"하이록스 신발, 러닝화랑 트레이닝화 중 뭘 신을까?",엥꼬의 블로그,GYMTONIC,리부트 팀 트레이닝 철산점 | 하이록스/크로스핏,3
2026-09-30,Reboot,철산그룹PT,place,3,리부트 팀트레이닝,위무브트레이닝 하이록스,헬스보이짐 철산점,리부트 팀트레이닝,3
2026-09-30,Reboot,철산그룹PT,blog,,,밈하세상,day by day,지금 하고싶은걸 하자!,300
2026-09-30,Reboot,철산역 크로스핏,place,4,리부트 팀트레이닝,위무브트레이닝 하이록스,크로스핏어셈블,헬스보이짐 철산점,5
2026-09-30,Reboot,철산역 크로스핏,blog,,,모히또 가서 몰디브 한잔,아이러브비즈니스,크로스핏 어셈블,300
2026-09-30,Reboot,철산역 운동,place,,,클리어짐 철산역점,헬스보이짐 철산점,휘트니스피플 우먼 철산점,5
2026-09-30,Reboot,철산역 운동,blog,,,아이러브비즈니스,은빛유니콘과 kukuri :: 은빛유니콘과 kukuri,은빛유니콘과 kukuri :: 은빛유니콘과 kukuri,300
2026-09-30,Reboot,철산역 하이록스,place,3,리부트 팀트레이닝,위무브트레이닝 하이록스,크로스핏어셈블,리부트 팀트레이닝,4
2026-09-30,Reboot,철산역 하이록스,blog,23,"하이록스 신발, 러닝화랑 트레이닝화 중 뭘 신을까?",철산유일 웨이트&펑셔널 PT,MosTen 인사이트,from29to,23
2026-09-30,Reboot,철산역 그룹피티,place,2,리부트 팀트레이닝,위무브트레이닝 하이록스,리부트 팀트레이닝,헬스보이짐 철산점,4
2026-09-30,Reboot,철산역 그룹피티,blog,,,onepickgym 철산 1:1PT,아이러브비즈니스,아이러브비즈니스,300
2026-09-30,Reboot,철산팀트레이닝,place,,,,,,0
2026-09-30,Reboot,철산팀트레이닝,blog,,,,,,0
2026-09-30,Reboot,광명그룹PT,place,2,리부트 팀트레이닝,위무브트레이닝 하이록스,리부트 팀트레이닝,핏클러스터 헬스&그룹PT&월요가,4
2026-09-30,Reboot,광명그룹PT,blog,,,핏클러스터,그냥사는거지,초코초코 해피라이프,300
2026-09-30,Reboot,광명그룹운동,place,2,리부트 팀트레이닝,온필라테스 라운지 철산점,리부트 팀트레이닝,위무브트레이닝 하이록스,5
2026-09-30,Reboot,광명그룹운동,blog,,,World News by 서구원 교수,Planet-D review,정보 공장,300
2026-09-30,TeamPoise,광교헬스장,place,,,더블에스휘트니스 광교점,헬스보이짐앤필라걸 광교점,도미디피트니스 헬스 PT 광교점,5
2026-09-30,TeamPoise,광교헬스장,blog,,,1gram씩 저장하기,리치캣의 현재 그리고 미래,1gram씩 저장하기,300
2026-09-30,TeamPoise,광교PT,place,,,킹스짐PT 광교아브뉴프랑점,석세스짐&PT 광교프라이빗점,마이짐 아주대점,5
2026-09-30,TeamPoise,광교PT,blog,,,Britz,초코초코 해피라이프,초코초코 해피라이프,300
2026-09-30,TeamPoise,상현역헬스장,place,,,헬스보이짐PT 상현점,케어짐PT&기구필라테스 상현점,리스탠스 재활PT,5
2026-09-30,TeamPoise,상현역헬스장,blog,,,아이러브비즈니스,리치캣의 현재 그리고 미래,리치캣의 현재 그리고 미래,300
2026-09-30,TeamPoise,상현동헬스장,place,,,노아휘트니스&스파사우나,헬스보이짐PT 상현점,VIP GYM 용인상현점,5
2026-09-30,TeamPoise,상현동헬스장,blog,,,인생리뷰,흐르는강물처럼,리치캣의 현재 그리고 미래,300
2026-09-30,TeamPoise,수지헬스장,place,,,헤일로짐 헬스&PT&스파&GDR 골프 수지점,바이칼휘트니스 수지점,빌리프짐 헬스&PT 죽전점,5
2026-09-30,TeamPoise,수지헬스장,blog,,,J 경제인사이트,정보 공장,J 경제인사이트,300
2026-09-30,TeamPoise,광교크로스핏,place,,,크로스핏 블루 광교 3호점,좋은습관 PT STUDIO 광교,어라운드 크로스핏 광교점,5
2026-09-30,TeamPoise,광교크로스핏,blog,130,[하이록스/크로스핏/팀포이즈상현] 처음인 분들을 위한 최고의 프로....,콩주머니의 블로그,큐레이션 로그,김바보 (Ba & Bo) 부부의 일상 - 김바보 (Ba & Bo) 부부의 일상,130
2026-09-30,TeamPoise,광교중앙역헬스장,place,,,헬스보이짐앤필라걸 광교점,도미디피트니스 헬스 PT 광교점,킹스짐PT 광교아브뉴프랑점,5
2026-09-30,TeamPoise,광교중앙역헬스장,blog,,,인생리뷰,인생리뷰,리치캣의 현재 그리고 미래,300
2026-09-30,TeamPoise,상현역PT,place,,,헬스보이짐PT 상현점,리스탠스 재활PT,광교PT 제이엠피트니스 상현역점,5
2026-09-30,TeamPoise,상현역PT,blog,,,2025 전화번호 주소 리스트 :: 2025 전화번호 주소 리스트,재테크 집,재테크 집,300
2026-09-30,TeamPoise,수지PT,place,,,헬스보이짐PT 상현점,비전휘트니스 수지점,헬스보이짐PT&필라걸&골프인 수지점,5
2026-09-30,TeamPoise,수지PT,blog,,,TB의 SNS 이야기,뱀선생게임,칸코레 이벤트 로그 기록소 :: 칸코레 이벤트 로그 기록소,300
2026-09-30,TeamPoise,수지크로스핏,place,,,버너스,문라잇크로스핏 성복점,크로스핏 메이트,5
2026-09-30,TeamPoise,수지크로스핏,blog,,,그냥사는거지,한눈경제 정찬삼 블로그 :: 한눈경제 정찬삼 블로그,ManDDo,300
2026-09-30,TeamPoise,광교하이록스,place,5,팀포이즈 그룹PT,F45 광교,애틀릭스 트레이닝 광교,크로스핏 블루 광교 3호점,5
2026-09-30,TeamPoise,광교하이록스,blog,208,"[상현하이록스대비반 | 팀포이즈상현] 다가오고 있는 하이록스 2026 ,....",리아윤님의블로그,"아치앤할로 | 경기 수원 영통 영통로351번길 7, 2층",어라운드트레이닝 광교,208
2026-09-30,TeamPoise,상현헬스장,place,,,헬스보이짐PT 상현점,VIP GYM 용인상현점,케어짐PT&기구필라테스 상현점,5
2026-09-30,TeamPoise,상현헬스장,blog,,,리치캣의 현재 그리고 미래,인생리뷰,인생리뷰,300
2026-09-30,TeamPoise,광교그룹운동,place,,,F45 광교,좋은습관 PT STUDIO 광교,미라클피트니스 헬스 PT 그룹PT,5
2026-09-30,TeamPoise,광교그룹운동,blog,,,아이러브비즈니스,리치캣의 현재 그리고 미래,아이러브비즈니스,300
2026-09-30,TeamPoise,상현그룹 PT,place,1,팀포이즈 그룹PT,팀포이즈 그룹PT,올데이요가x플라잉 상현본점,,2
2026-09-30,TeamPoise,상현그룹 PT,blog,216,[2026HYROX 준비 필독사항 | 팀포이즈광교상현] 첫 스테이션의 시작 스....,수지킥복싱,노아휘트니스&스파사우나 수지점,쿤쿤의 소소한 일상 리뷰,216
2026-09-30,TeamPoise,상현그룹 트레이닝,place,1,팀포이즈 그룹PT,팀포이즈 그룹PT,,,1
2026-09-30,TeamPoise,상현그룹 트레이닝,blog,111,"광교 PT 끝나고 혼자 운동이 안 된다면, 다음은 뭘까?",Allday Yoga X Flying,광교PT 케어핏 재활피트니스,인사이트,111
2026-09-30,TeamPoise,상현 하이록스,place,1,팀포이즈 그룹PT,팀포이즈 그룹PT,,,1
2026-09-30,TeamPoise,상현 하이록스,blog,9,[상현그룹운동/팀포이즈상현점] 많이 변한 2025년의 운동 트랜드. 그 ....,문라잇 크로스핏 성복점,초코초코 해피라이프,@damybien,9
2026-09-30,TeamPoise,상현 운동,place,,,헬스보이짐PT 상현점,상현골프클럽,VIP GYM 용인상현점,5
2026-09-30,TeamPoise,상현 운동,blog,,,nodam1,Magazine.M,재테크 집,300
2026-10-01,Reboot,철산헬스장,place,,,클리어짐 철산역점,휘트니스피플 우먼 철산점,짐박스피트니스 철산점,5
2026-10-01,Reboot,철산헬스장,blog,,,아이러브비즈니스,인생리뷰,행복한 부자되기-Why not me?,300
2026-10-01,Reboot,광명헬스장,place,,,클리어짐 철산역점,휘트니스피플 우먼 철산점,짐박스피트니스 철산점,5
2026-10-01,Reboot,광명헬스장,blog,,,리치캣의 현재 그리고 미래,진한서랍 — 진한서랍,성장하고 여행하는,300
2026-10-01,Reboot,철산역헬스장,place,,,클리어짐 철산역점,휘트니스피플 우먼 철산점,짐박스피트니스 철산점,5
2026-10-01,Reboot,철산역헬스장,blog,,,"버스 시간표, 노선 정보",부의 사다리,부의 사다리,300
2026-10-01,Reboot,철산PT,place,,,클리어짐 철산역점,헬스보이짐 철산점,위무브트레이닝 하이록스,5
2026-10-01,Reboot,철산PT,blog,,,마인드힐,소소한 37% 문쑴 log,헤롱이의 정보 나눔,300
2026-10-01,Reboot,철산헬스,place,,,클리어짐 철산역점,휘트니스피플 우먼 철산점,짐박스피트니스 철산점,5
2026-10-01,Reboot,철산헬스,blog,,,리치캣의 현재 그리고 미래,인생리뷰,인생리뷰,300
2026-10-01,Reboot,광명크로스핏,place,,,위무브트레이닝 하이록스,크로스핏어셈블,빅풋 트레이닝 하안점,5
2026-10-01,Reboot,광명크로스핏,blog,,,우리의 정보통,러니윤의 비비드라이프,하고 싶은 거 다 해!,300
2026-10-01,Reboot,철산동헬스장,place,,,클리어짐 철산역점,휘트니스피플 우먼 철산점,짐박스피트니스 철산점,5
2026-10-01,Reboot,철산동헬스장,blog,,,진한서랍 — 진한서랍,진한서랍 — 진한서랍,자어즐,300
2026-10-01,Reboot,광명PT,place,,,클리어짐 철산역점,헬스보이짐 철산점,클리어짐 광명역점,5
2026-10-01,Reboot,광명PT,blog,,,07222224,먹고 놀고 여행하기:),https://blog.aladin.co.kr/,300
2026-10-01,Reboot,철산크로스핏,place,4,리부트 팀트레이닝,위무브트레이닝 하이록스,크로스핏어셈블,헬스보이짐 철산점,5
2026-10-01,Reboot,철산크로스핏,blog,57,리부트 Equipment,Woori CrossFit,돌쇠도서(200평만화),^_______^,57
2026-10-01,Reboot,철산역PT,place,,,클리어짐 철산역점,헬스보이짐 철산점,위무브트레이닝 하이록스,5
2026-10-01,Reboot,철산역PT,blog,,,진한서랍 — 진한서랍,모히또 가서 몰디브 한잔,DAILYINFO365,300
2026-10-01,Reboot,철산역 헬스,place,,,클리어짐 철산역점,휘트니스피플 우먼 철산점,짐박스피트니스 철산점,5
2026-10-01,Reboot,철산역 헬스,blog,,,지식봇,리치캣의 현재 그리고 미래,모히또 가서 몰디브 한잔,300
2026-10-01,Reboot,철산하이록스,place,3,리부트 팀트레이닝,위무브트레이닝 하이록스,크로스핏어셈블,리부트 팀트레이닝,3
2026-10-01,Reboot,철산하이록스,blog,2,"하이록스 신발, 러닝화랑 트레이닝화 중 뭘 신을까?",호픽 블로그,리부트 팀 트레이닝 철산점 | 하이록스/크로스핏,,2
2026-10-01,Reboot,광명하이록스,place,2,리부트 팀트레이닝,위무브트레이닝 하이록스,리부트 팀트레이닝,엠버 크로스핏,4
2026-10-01,Reboot,광명하이록스,blog,4,"하이록스 신발, 러닝화랑 트레이닝화 중 뭘 신을까?",엥꼬의 블로그,KOREA_CLASS,Woo Dangttanga,4
2026-10-01,Reboot,철산그룹PT,place,3,리부트 팀트레이닝,위무브트레이닝 하이록스,헬스보이짐 철산점,리부트 팀트레이닝,3
2026-10-01,Reboot,철산그룹PT,blog,,,육아대디의 따뜻한 육아블로그,리본부트캠프광명철산,"아진, 일상을 담다",300
2026-10-01,Reboot,철산역 크로스핏,place,4,리부트 팀트레이닝,위무브트레이닝 하이록스,크로스핏어셈블,헬스보이짐 철산점,5
2026-10-01,Reboot,철산역 크로스핏,blog,,,모히또 가서 몰디브 한잔,아이러브비즈니스,졔졔의 독기품은 크로스핏,300
2026-10-01,Reboot,철산역 운동,place,,,클리어짐 철산역점,휘트니스피플 우먼 철산점,짐박스피트니스 철산점,5
2026-10-01,Reboot,철산역 운동,blog,,,리치캣의 현재 그리고 미래,은빛유니콘과 kukuri :: 은빛유니콘과 kukuri,은빛유니콘과 kukuri :: 은빛유니콘과 kukuri,300
2026-10-01,Reboot,철산역 하이록스,place,3,리부트 팀트레이닝,위무브트레이닝 하이록스,크로스핏어셈블,리부트 팀트레이닝,4
2026-10-01,Reboot,철산역 하이록스,blog,26,"하이록스 월볼 100개, 안 끊고 끝내려면 어떻게 나눌까?",철산유일 웨이트&펑셔널 PT,MosTen 인사이트,from29to,26
2026-10-01,Reboot,철산역 그룹피티,place,2,리부트 팀트레이닝,위무브트레이닝 하이록스,리부트 팀트레이닝,헬스보이짐 철산점,4
2026-10-01,Reboot,철산역 그룹피티,blog,,,onepickgym 철산 1:1PT,아이러브비즈니스,아이러브비즈니스,300
2026-10-01,Reboot,철산팀트레이닝,place,,,,,,0
2026-10-01,Reboot,철산팀트레이닝,blog,,,,,,0
2026-10-01,Reboot,광명그룹PT,place,2,리부트 팀트레이닝,위무브트레이닝 하이록스,리부트 팀트레이닝,핏클러스터 헬스&그룹PT&월요가,4
2026-10-01,Reboot,광명그룹PT,blog,,,그냥사는거지,초코초코 해피라이프,경제와 유아독존,300
2026-10-01,Reboot,광명그룹운동,place,2,리부트 팀트레이닝,온필라테스 라운지 철산점,리부트 팀트레이닝,위무브트레이닝 하이록스,5
2026-10-01,Reboot,광명그룹운동,blog,,,DY-매거진,핏클러스터,리치캣의 현재 그리고 미래,300
2026-10-01,TeamPoise,광교헬스장,place,,,더블에스휘트니스 광교점,헬스보이짐앤필라걸 광교점,도미디피트니스 헬스 PT 광교점,5
2026-10-01,TeamPoise,광교헬스장,blog,,,리치캣의 현재 그리고 미래,리치캣의 현재 그리고 미래,투자하는 지식인 :: 투자하는 지식인,300
2026-10-01,TeamPoise,광교PT,place,,,석세스짐&PT 광교프라이빗점,마이짐 아주대점,광교PT헬스 온워드짐 2호점,5
2026-10-01,TeamPoise,광교PT,blog,,,물리치료사 이진호,사나의 여행,광교PT 인투짐 재활운동 체형교정 헬스장,300
2026-10-01,TeamPoise,상현역헬스장,place,5,팀포이즈 그룹PT,헬스보이짐PT 상현점,케어짐PT&기구필라테스 상현점,오늘보다내일짐 상현점,5
2026-10-01,TeamPoise,상현역헬스장,blog,,,신자본시대,별을 향하여_나만의 공간,Happy John,300
2026-10-01,TeamPoise,상현동헬스장,place,,,노아휘트니스&스파사우나,헬스보이짐PT 상현점,VIP GYM 용인상현점,5
2026-10-01,TeamPoise,상현동헬스장,blog,,,아이러브비즈니스,재테크 집,재테크 집,300
2026-10-01,TeamPoise,수지헬스장,place,,,헤일로짐 헬스&PT&스파&GDR 골프 수지점,바이칼휘트니스 수지점,빌리프짐 헬스&PT 죽전점,5
2026-10-01,TeamPoise,수지헬스장,blog,,,J 경제인사이트,J 경제인사이트,J 경제인사이트,300
2026-10-01,TeamPoise,광교크로스핏,place,,,크로스핏 블루 광교 3호점,좋은습관 PT STUDIO 광교,크로스핏 파티온,5
2026-10-01,TeamPoise,광교크로스핏,blog,122,[하이록스/크로스핏/팀포이즈상현] 처음인 분들을 위한 최고의 프로....,큐레이션 로그,김바보 (Ba & Bo) 부부의 일상 - 김바보 (Ba & Bo) 부부의 일상,지곰 일기,122
2026-10-01,TeamPoise,광교중앙역헬스장,place,,,헬스보이짐앤필라걸 광교점,도미디피트니스 헬스 PT 광교점,킹스짐PT 광교아브뉴프랑점,5
2026-10-01,TeamPoise,광교중앙역헬스장,blog,,,리치캣의 현재 그리고 미래,인생리뷰,아이러브비즈니스,300
2026-10-01,TeamPoise,상현역PT,place,,,헬스보이짐PT 상현점,리스탠스 재활PT,광교PT 제이엠피트니스 상현역점,5
2026-10-01,TeamPoise,상현역PT,blog,,,2025 전화번호 주소 리스트 :: 2025 전화번호 주소 리스트,재테크 집,재테크 집,300
2026-10-01,TeamPoise,수지PT,place,,,헬스보이짐PT 상현점,비전휘트니스 수지점,헤일로짐 헬스&PT&스파&GDR 골프 수지점,5
2026-10-01,TeamPoise,수지PT,blog,,,뱀선생게임,칸코레 이벤트 로그 기록소 :: 칸코레 이벤트 로그 기록소,무한긍정충전소,300
2026-10-01,TeamPoise,수지크로스핏,place,,,버너스,문라잇크로스핏 성복점,크로스핏 메이트,5
2026-10-01,TeamPoise,수지크로스핏,blog,,,생활속의 메모장,한눈경제 정찬삼 블로그 :: 한눈경제 정찬삼 블로그,ManDDo,300
2026-10-01,TeamPoise,광교하이록스,place,5,팀포이즈 그룹PT,F45 광교,애틀릭스 트레이닝 광교,크로스핏 블루 광교 3호점,5
2026-10-01,TeamPoise,광교하이록스,blog,13,"[상현그룹운동 | 팀포이즈광교상현] 시작이 반이라던데, 운동 첫시....",리아윤님의블로그,I ___ you.,어라운드트레이닝 광교,13
2026-10-01,TeamPoise,상현헬스장,place,,,헬스보이짐PT 상현점,VIP GYM 용인상현점,케어짐PT&기구필라테스 상현점,5
2026-10-01,TeamPoise,상현헬스장,blog,,,리치캣의 현재 그리고 미래,인생리뷰,아이러브비즈니스,300
2026-10-01,TeamPoise,광교그룹운동,place,,,F45 광교,좋은습관 PT STUDIO 광교,미라클피트니스 헬스 PT 그룹PT,5
2026-10-01,TeamPoise,광교그룹운동,blog,,,리치캣의 현재 그리고 미래,아이러브비즈니스,아이러브비즈니스,300
2026-10-01,TeamPoise,상현그룹 PT,place,1,팀포이즈 그룹PT,팀포이즈 그룹PT,올데이요가x플라잉 상현본점,,2
2026-10-01,TeamPoise,상현그룹 PT,blog,19,[광교그룹운동/팀포이즈상현점] 겨울에도 체지방은 빠지고 근육량....,수지킥복싱,직장맘의 육아일지,오리왕의 수라상,19
2026-10-01,TeamPoise,상현그룹 트레이닝,place,1,팀포이즈 그룹PT,팀포이즈 그룹PT,,,1
2026-10-01,TeamPoise,상현그룹 트레이닝,blog,108,"광교 PT 끝나고 혼자 운동이 안 된다면, 다음은 뭘까?",Allday Yoga X Flying,어라운드 크로스핏,어라운드 크로스핏,108
2026-10-01,TeamPoise,상현 하이록스,place,1,팀포이즈 그룹PT,팀포이즈 그룹PT,,,1
2026-10-01,TeamPoise,상현 하이록스,blog,5,[상현그룹운동/팀포이즈상현점] 많이 변한 2025년의 운동 트랜드. 그 ....,문라잇 크로스핏 성복점,@damybien,어라운드크로스핏 광교,5
2026-10-01,TeamPoise,상현 운동,place,,,헬스보이짐PT 상현점,상현골프클럽,VIP GYM 용인상현점,5
2026-10-01,TeamPoise,상현 운동,blog,,,재테크 집,원룸용달이사.010-4351-2400.,dance11964,300
2026-10-02,Reboot,철산헬스장,place,,,클리어짐 철산역점,짐박스피트니스 철산점,헬스보이짐 철산점,5
2026-10-02,Reboot,철산헬스장,blog,,,아이러브비즈니스,인생리뷰,행복한 부자되기-Why not me?,300
2026-10-02,Reboot,광명헬스장,place,,,클리어짐 철산역점,짐박스피트니스 광명하안점,짐박스피트니스 철산점,5
2026-10-02,Reboot,광명헬스장,blog,,,리치캣의 현재 그리고 미래,모히또 가서 몰디브 한잔,리치캣의 현재 그리고 미래,300
2026-10-02,Reboot,철산역헬스장,place,,,클리어짐 철산역점,짐박스피트니스 철산점,헬스보이짐 철산점,5
2026-10-02,Reboot,철산역헬스장,blog,,,마이터,daily diary 、여행 좋아하는 엄마의 일기,같이 & 가치 있는 삶,300
2026-10-02,Reboot,철산PT,place,,,클리어짐 철산역점,헬스보이짐 철산점,위무브트레이닝 하이록스,5
2026-10-02,Reboot,철산PT,blog,,,Everyday SUDA :),철산유일 웨이트&펑셔널 PT,철산유일 웨이트&펑셔널 PT,300
2026-10-02,Reboot,철산헬스,place,,,클리어짐 철산역점,짐박스피트니스 철산점,헬스보이짐 철산점,5
2026-10-02,Reboot,철산헬스,blog,,,인생리뷰,리치캣의 현재 그리고 미래,인생리뷰,300
2026-10-02,Reboot,광명크로스핏,place,,,위무브트레이닝 하이록스,크로스핏어셈블,빅풋 트레이닝 하안점,5
2026-10-02,Reboot,광명크로스핏,blog,,,daily,우리의 정보통,하고 싶은 거 다 해!,300
2026-10-02,Reboot,철산동헬스장,place,,,클리어짐 철산역점,짐박스피트니스 철산점,헬스보이짐 철산점,5
2026-10-02,Reboot,철산동헬스장,blog,,,진한서랍 — 진한서랍,자어즐,opaqe,300
2026-10-02,Reboot,광명PT,place,,,클리어짐 철산역점,헬스보이짐 철산점,클리어짐 광명역점,5
2026-10-02,Reboot,광명PT,blog,,,https://blog.aladin.co.kr/,후회없는 삶,미녀들의 수다 :: 미녀들의 수다,300
2026-10-02,Reboot,철산크로스핏,place,4,리부트 팀트레이닝,위무브트레이닝 하이록스,크로스핏어셈블,헬스보이짐 철산점,5
2026-10-02,Reboot,철산크로스핏,blog,58,리부트 Equipment,Woori CrossFit,돌쇠도서(200평만화),^_______^,58
2026-10-02,Reboot,철산역PT,place,,,클리어짐 철산역점,헬스보이짐 철산점,위무브트레이닝 하이록스,5
2026-10-02,Reboot,철산역PT,blog,,,진한서랍 — 진한서랍,DAILYINFO365,홈팁스,300
2026-10-02,Reboot,철산역 헬스,place,,,클리어짐 철산역점,짐박스피트니스 철산점,헬스보이짐 철산점,5
2026-10-02,Reboot,철산역 헬스,blog,,,리치캣의 현재 그리고 미래,지식봇,onepickgym 철산 1:1PT,300
2026-10-02,Reboot,철산하이록스,place,3,리부트 팀트레이닝,위무브트레이닝 하이록스,크로스핏어셈블,리부트 팀트레이닝,3
2026-10-02,Reboot,철산하이록스,blog,3,"하이록스 월볼 100개, 안 끊고 끝내려면 어떻게 나눌까?",철산유일 웨이트&펑셔널 PT,WEMOVE TRAINING,리부트 팀 트레이닝 철산점 | 하이록스/크로스핏,3
2026-10-02,Reboot,광명하이록스,place,2,리부트 팀트레이닝,위무브트레이닝 하이록스,리부트 팀트레이닝,엠버 크로스핏,4
2026-10-02,Reboot,광명하이록스,blog,8,"하이록스 디비전, 오픈·프로·더블는 뭐가 다를까?",KOREA_CLASS,KOREA_CLASS,KOREA_CLASS,8
2026-10-02,Reboot,철산그룹PT,place,3,리부트 팀트레이닝,위무브트레이닝 하이록스,헬스보이짐 철산점,리부트 팀트레이닝,3
2026-10-02,Reboot,철산그룹PT,blog,,,도리도리도리도리감자도리,리본부트캠프광명철산,"아진, 일상을 담다",300
2026-10-02,Reboot,철산역 크로스핏,place,4,리부트 팀트레이닝,위무브트레이닝 하이록스,크로스핏어셈블,헬스보이짐 철산점,5
2026-10-02,Reboot,철산역 크로스핏,blog,,,빌드업피트니스 독산점,마이터,졔졔의 독기품은 크로스핏,300
2026-10-02,Reboot,철산역 운동,place,,,클리어짐 철산역점,짐박스피트니스 철산점,헬스보이짐 철산점,5
2026-10-02,Reboot,철산역 운동,blog,,,은빛유니콘과 kukuri :: 은빛유니콘과 kukuri,은빛유니콘과 kukuri :: 은빛유니콘과 kukuri,은빛유니콘과 kukuri :: 은빛유니콘과 kukuri,300
2026-10-02,Reboot,철산역 하이록스,place,3,리부트 팀트레이닝,위무브트레이닝 하이록스,크로스핏어셈블,리부트 팀트레이닝,4
2026-10-02,Reboot,철산역 하이록스,blog,21,"[철산역헬스장] 급찐급빠, 연휴에 찐 살은 정말 2주 안에 빼야 할까?",철산유일 웨이트&펑셔널 PT,MosTen 인사이트,from29to,21
2026-10-02,Reboot,철산역 그룹피티,place,2,리부트 팀트레이닝,위무브트레이닝 하이록스,리부트 팀트레이닝,헬스보이짐 철산점,4
2026-10-02,Reboot,철산역 그룹피티,blog,,,onepickgym 철산 1:1PT,아이러브비즈니스,아이러브비즈니스,300
2026-10-02,Reboot,철산팀트레이닝,place,,,,,,0
2026-10-02,Reboot,철산팀트레이닝,blog,,,,,,0
2026-10-02,Reboot,광명그룹PT,place,2,리부트 팀트레이닝,위무브트레이닝 하이록스,리부트 팀트레이닝,핏클러스터 헬스&그룹PT&월요가,4
2026-10-02,Reboot,광명그룹PT,blog,,,그냥사는거지,초코초코 해피라이프,경제와 유아독존,300
2026-10-02,Reboot,광명그룹운동,place,2,리부트 팀트레이닝,온필라테스 라운지 철산점,리부트 팀트레이닝,위무브트레이닝 하이록스,5
2026-10-02,Reboot,광명그룹운동,blog,,,리치캣의 현재 그리고 미래,리치캣의 현재 그리고 미래,킴스도매,300
2026-10-02,TeamPoise,광교헬스장,place,,,더블에스휘트니스 광교점,헬스보이짐앤필라걸 광교점,광교 헬스PT 힘찬짐 광교점,5
2026-10-02,TeamPoise,광교헬스장,blog,,,행복해,1gram씩 저장하기,1gram씩 저장하기,300
2026-10-02,TeamPoise,광교PT,place,,,마이짐 아주대점,킹스짐PT 광교아브뉴프랑점,광교PT헬스 온워드짐 2호점,5
2026-10-02,TeamPoise,광교PT,blog,,,사나의 여행,광교PT 인투짐 재활운동 체형교정 헬스장,물리치료사 이진호,300
2026-10-02,TeamPoise,상현역헬스장,place,,,헬스보이짐PT 상현점,케어짐PT&기구필라테스 상현점,오늘보다내일짐 상현점,5
2026-10-02,TeamPoise,상현역헬스장,blog,,,별을 향하여_나만의 공간,신자본시대,리치캣의 현재 그리고 미래,300
2026-10-02,TeamPoise,상현동헬스장,place,,,노아휘트니스&스파사우나,헬스보이짐PT 상현점,VIP GYM 용인상현점,5
2026-10-02,TeamPoise,상현동헬스장,blog,,,Healing Life,INFOTIP,밸류 에스테이트,300
2026-10-02,TeamPoise,수지헬스장,place,,,헤일로짐 헬스&PT&스파&GDR 골프 수지점,바이칼휘트니스 수지점,노아휘트니스&스파사우나,5
2026-10-02,TeamPoise,수지헬스장,blog,,,아이러브비즈니스,아이러브비즈니스,리치캣의 현재 그리고 미래,300
2026-10-02,TeamPoise,광교크로스핏,place,,,크로스핏 블루 광교 3호점,좋은습관 PT STUDIO 광교,어라운드 크로스핏 광교점,5
2026-10-02,TeamPoise,광교크로스핏,blog,125,[하이록스/크로스핏/팀포이즈상현] 처음인 분들을 위한 최고의 프로....,콩주머니의 블로그,큐레이션 로그,김바보 (Ba & Bo) 부부의 일상 - 김바보 (Ba & Bo) 부부의 일상,125
2026-10-02,TeamPoise,광교중앙역헬스장,place,,,헬스보이짐앤필라걸 광교점,도미디피트니스 헬스 PT 광교점,킹스짐PT 광교아브뉴프랑점,5
2026-10-02,TeamPoise,광교중앙역헬스장,blog,,,아이러브비즈니스,아이러브비즈니스,아이러브비즈니스,300
2026-10-02,TeamPoise,상현역PT,place,,,헬스보이짐PT 상현점,광교PT 제이엠피트니스 상현역점,리스탠스 재활PT,5
2026-10-02,TeamPoise,상현역PT,blog,,,2025 전화번호 주소 리스트 :: 2025 전화번호 주소 리스트,재테크 집,재테크 집,300
2026-10-02,TeamPoise,수지PT,place,,,헬스보이짐PT 상현점,비전휘트니스 수지점,헤일로짐 헬스&PT&스파&GDR 골프 수지점,5
2026-10-02,TeamPoise,수지PT,blog,,,뱀선생게임,칸코레 이벤트 로그 기록소 :: 칸코레 이벤트 로그 기록소,무한긍정충전소,300
2026-10-02,TeamPoise,수지크로스핏,place,,,버너스,문라잇크로스핏 성복점,크로스핏 메이트,5
2026-10-02,TeamPoise,수지크로스핏,blog,,,2022 기술경영의 미래를 함께하는 사람들,생활속의 메모장,그냥사는거지,300
2026-10-02,TeamPoise,광교하이록스,place,5,팀포이즈 그룹PT,F45 광교,애틀릭스 트레이닝 광교,크로스핏 블루 광교 3호점,5
2026-10-02,TeamPoise,광교하이록스,blog,16,"[상현그룹운동 | 팀포이즈광교상현] 시작이 반이라던데, 운동 첫시....","DKpa, 하루가 하루가 소중한 사십대의 러닝 생활",Move Well. Live Well.,keep a diary,16
2026-10-02,TeamPoise,상현헬스장,place,,,헬스보이짐PT 상현점,VIP GYM 용인상현점,케어짐PT&기구필라테스 상현점,5
2026-10-02,TeamPoise,상현헬스장,blog,,,DAILYINFO365,신자본시대,리치캣의 현재 그리고 미래,300
2026-10-02,TeamPoise,광교그룹운동,place,,,F45 광교,좋은습관 PT STUDIO 광교,미라클피트니스 헬스 PT 그룹PT,5
2026-10-02,TeamPoise,광교그룹운동,blog,,,아이러브비즈니스,아이러브비즈니스,리치캣의 현재 그리고 미래,300
2026-10-02,TeamPoise,상현그룹 PT,place,1,팀포이즈 그룹PT,팀포이즈 그룹PT,올데이요가x플라잉 상현본점,,2
2026-10-02,TeamPoise,상현그룹 PT,blog,213,"광교 PT 끝나고 혼자 운동이 안 된다면, 다음은 뭘까?",수지킥복싱,노아휘트니스&스파사우나 수지점,쿤쿤의 소소한 일상 리뷰,213
2026-10-02,TeamPoise,상현그룹 트레이닝,place,1,팀포이즈 그룹PT,팀포이즈 그룹PT,,,1
2026-10-02,TeamPoise,상현그룹 트레이닝,blog,123,"광교 PT 끝나고 혼자 운동이 안 된다면, 다음은 뭘까?",Allday Yoga X Flying,어라운드 크로스핏,어라운드 크로스핏,123
2026-10-02,TeamPoise,상현 하이록스,place,1,팀포이즈 그룹PT,팀포이즈 그룹PT,,,1
2026-10-02,TeamPoise,상현 하이록스,blog,5,[상현그룹운동/팀포이즈상현점] 많이 변한 2025년의 운동 트랜드. 그 ....,문라잇 크로스핏 성복점,@damybien,어라운드크로스핏 광교,5
2026-10-02,TeamPoise,상현 운동,place,,,헬스보이짐PT 상현점,상현골프클럽,VIP GYM 용인상현점,5
2026-10-02,TeamPoise,상현 운동,blog,,,이카네 집,기요밍의 게임&IT 이야기!! :: 기요밍의 게임&IT 이야기!!,제이제이,300
